Product Id,Product Name,Sub-Category Id,Unit CP,Unit SP
FUR-BO-10000112,"Bush Birmingham Collection Bookcase, Dark Cherry",1,104.784,91.6859999999999
FUR-BO-10000330,"Sauder Camden County Barrister Bookcase, Planked Cherry Finish",1,104.0428,102.833
FUR-BO-10000362,Sauder Inglewood Library Bookcases,1,131.6546,119.685999999999
FUR-BO-10000468,O'Sullivan 2-Shelf Heavy-Duty Bookcases,1,40.8072,48.58
FUR-BO-10000711,"Hon Metal Bookcases, Gray",1,51.8154,70.98
FUR-BO-10000780,O'Sullivan Plantations 2-Door Library in Landvery Oak,1,168.8232,136.6664
FUR-BO-10001337,O'Sullivan Living Dimensions 2-Shelf Bookcases,1,108.881999999999,102.833
FUR-BO-10001519,O'Sullivan 3-Shelf Heavy-Duty Bookcases,1,44.1864,46.512
FUR-BO-10001567,"Bush Westfield Collection Bookcases, Dark Cherry Finish, Fully Assembled",1,93.9114,30.294
FUR-BO-10001601,"Sauder Mission Library with Doors, Fruitwood Finish",1,106.0938,111.333
FUR-BO-10001608,"Hon Metal Bookcases, Black",1,53.235,48.2664
FUR-BO-10001619,O'Sullivan Cherrywood Estates Traditional Bookcase,1,66.2844,84.98
FUR-BO-10001798,Bush Somerset Collection Bookcase,1,110.023199999999,130.98
FUR-BO-10001811,"Atlantic Metals Mobile 5-Shelf Bookcases, Custom Colors",1,210.686,240.784
FUR-BO-10001918,"Sauder Forest Hills Library with Doors, Woodland Oak Finish",1,143.2722,128.784
FUR-BO-10001972,O'Sullivan 4-Shelf Bookcase in Odessa Pine,1,100.4134,102.833
FUR-BO-10002202,"Atlantic Metals Mobile 2-Shelf Bookcases, Custom Colors",1,171.0958,72.294
FUR-BO-10002206,"Bush Saratoga Collection 5-Shelf Bookcase, Hanover Cherry, *Special Order",1,132.5212,119.833
FUR-BO-10002213,DMI Eclipse Executive Suite Bookcases,1,405.7938,425.833
FUR-BO-10002268,Sauder Barrister Bookcases,1,65.5938,64.784
FUR-BO-10002545,"Atlantic Metals Mobile 3-Shelf Bookcases, Custom Colors",1,193.125199999999,177.4664
FUR-BO-10002598,"Hon Metal Bookcases, Putty",1,50.3958,70.98
FUR-BO-10002613,"Atlantic Metals Mobile 4-Shelf Bookcases, Custom Colors",1,196.685999999999,224.784
FUR-BO-10002824,Bush Mission Pointe Library,1,120.783999999999,102.6664
FUR-BO-10002853,O'Sullivan 5-Shelf Heavy-Duty Bookcases,1,61.455,81.94
FUR-BO-10002916,"Rush Hierlooms Collection 1"" Thick Stackable Bookcases",1,138.4938,145.333
FUR-BO-10003034,"O'Sullivan Elevations Bookcase, Cherry Finish",1,110.0232,91.686
FUR-BO-10003159,"Sauder Camden County Collection Libraries, Planked Cherry Finish",1,104.6318,97.733
FUR-BO-10003272,O'Sullivan Living Dimensions 5-Shelf Bookcases,1,198.882,176.784
FUR-BO-10003404,"Global Adaptabilites Bookcase, Cherry/Storm Gray Finish",1,405.1212,430.98
FUR-BO-10003433,Sauder Cornerstone Collection Library,1,28.8114,30.98
FUR-BO-10003441,"Bush Westfield Collection Bookcases, Fully Assembled",1,77.7546,80.784
FUR-BO-10003450,"Bush Westfield Collection Bookcases, Dark Cherry Finish",1,53.3416,57.98
FUR-BO-10003546,Hon 4-Shelf Metal Bookcases,1,75.735,100.98
FUR-BO-10003660,"Bush Cubix Collection Bookcases, Fully Assembled",1,170.1546,220.98
FUR-BO-10003893,Sauder Camden County Collection Library,1,91.984,97.733
FUR-BO-10003894,"Safco Value Mate Steel Bookcase, Baked Enamel Finish on Steel, Black",1,49.686,60.333
FUR-BO-10003965,O'Sullivan Manor Hill 2-Door Library in Brianna Oak,1,161.0722,153.833
FUR-BO-10003966,"Sauder Facets Collection Library, Sky Alder Finish",1,143.6232,119.685999999999
FUR-BO-10004015,"Bush Andora Bookcase, Maple/Graphite Gray Finish",1,93.5922,95.992
FUR-BO-10004218,"Bush Heritage Pine Collection 5-Shelf Bookcase, Albany Pine Finish, *Special Order",1,112.783999999999,70.49
FUR-BO-10004357,O'Sullivan Living Dimensions 3-Shelf Bookcases,1,180.882,200.98
FUR-BO-10004360,Rush Hierlooms Collection Rich Wood Bookcases,1,140.052599999999,160.98
FUR-BO-10004409,"Safco Value Mate Series Steel Bookcases, Baked Enamel Finish on Steel, Gray",1,51.1056,35.49
FUR-BO-10004467,Bestar Classic Bookcase,1,80.9919,84.9915
FUR-BO-10004690,O'Sullivan Cherrywood Estates Traditional Barrister Bookcase,1,127.8564,96.236
FUR-BO-10004695,O'Sullivan 2-Door Barrister Bookcase in Odessa Pine,1,139.3546,90.49
FUR-BO-10004709,"Bush Westfield Collection Bookcases, Medium Cherry Finish",1,45.2244,28.99
FUR-BO-10004834,"Riverside Palais Royal Lawyers Bookcase, Royale Cherry Finish",1,678.3546,440.489999999999
FUR-CH-10000015,Hon Multipurpose Stacking Arm Chairs,2,160.284,216.6
FUR-CH-10000155,Global Comet Stacking Armless Chair,2,215.316,239.24
FUR-CH-10000225,"Global Geo Office Task Chair, Gray",2,76.931,64.784
FUR-CH-10000229,Global Enterprise Series Seating High-Back Swivel/Tilt Chairs,2,249.3016,216.784
FUR-CH-10000309,Global Comet Stacking Arm Chair,2,316.8825,422.51
FUR-CH-10000422,Global Highback Leather Tilter in Burgundy,2,76.4315999999999,90.99
FUR-CH-10000454,"Hon Deluxe Fabric Upholstered Stacking Chairs, Rounded Back",2,170.786,243.98
FUR-CH-10000513,High-Back Leather Manager's Chair,2,118.2909,103.992
FUR-CH-10000553,"Metal Folding Chairs, Beige, 4/Carton",2,24.7762,27.152
FUR-CH-10000595,Safco Contoured Stacking Chairs,2,178.8,190.72
FUR-CH-10000665,"Global Airflow Leather Mesh Back Chair, Black",2,105.685999999999,150.98
FUR-CH-10000749,Office Star - Ergonomic Mid Back Chair with 2-Way Adjustable Arms,2,152.0232,144.784
FUR-CH-10000785,Global Ergonomic Managers Chair,2,133.9252,162.882
FUR-CH-10000847,Global Executive Mid-Back Manager's Chair,2,215.3252,290.98
FUR-CH-10000863,Novimex Swivel Fabric Task Chair,2,134.3722,150.98
FUR-CH-10000988,Hon Olson Stacker Stools,2,101.3832,140.81
FUR-CH-10001146,"Global Value Mid-Back Manager's Chair, Gray",2,45.6675,42.623
FUR-CH-10001190,Global Deluxe High-Back Office Chair in Storm,2,123.7509,108.792
FUR-CH-10001215,Global Troy Executive Leather Low-Back Tilter,2,375.735,400.784
FUR-CH-10001270,Harbour Creations Steel Folding Chair,2,60.375,86.25
FUR-CH-10001394,Global Leather Executive Chair,2,245.692999999999,245.692999999999
FUR-CH-10001482,Office Star - Mesh Screen back chair with Vinyl seat,2,116.5722,130.98
FUR-CH-10001545,Hon Comfortask Task/Swivel Chairs,2,95.7432,91.184
FUR-CH-10001708,Office Star - Contemporary Swivel Chair with Padded Adjustable Arms and Flex Back,2,111.3742,126.882
FUR-CH-10001714,"Global Leather & Oak Executive Chair, Burgundy",2,138.8188,120.712
FUR-CH-10001797,"Safco Chair Connectors, 6/Carton",2,27.3208,26.936
FUR-CH-10001802,Hon Every-Day Chair Series Swivel Task Chairs,2,95.5742,84.6859999999999
FUR-CH-10001854,Office Star - Professional Matrix Back Chair with 2-to-1 Synchro Tilt and Mesh Fabric Seat,2,266.7448,350.98
FUR-CH-10001891,Global Deluxe Office Fabric Chairs,2,70.0654,76.784
FUR-CH-10001973,Office Star Flex Back Scooter Chair with White Frame,2,95.4428,77.686
FUR-CH-10002017,SAFCO Optional Arm Kit for Workspace Cribbage Stacking Chair,2,19.1808,21.312
FUR-CH-10002024,HON 5400 Series Task Chairs for Big and Tall,2,560.784,560.784
FUR-CH-10002044,"Office Star - Contemporary Task Swivel chair with 2-way adjustable arms, Plum",2,121.8114,104.784
FUR-CH-10002073,Hon Olson Stacker Chairs,2,187.993799999999,264.78
FUR-CH-10002084,Hon Mobius Operator's Chair,2,95.9322,110.691
FUR-CH-10002126,Hon Deluxe Fabric Upholstered Stacking Chairs,2,175.665599999999,195.184
FUR-CH-10002304,"Global Stack Chair without Arms, Black",2,19.485,18.186
FUR-CH-10002317,Global Enterprise Series Seating Low-Back Swivel/Tilt Chairs,2,181.286,207.184
FUR-CH-10002320,Hon Pagoda Stacking Chairs,2,224.685999999999,256.784
FUR-CH-10002331,Hon 4700 Series Mobuis Mid-Back Task Chairs with Adjustable Arms,2,281.2242,249.186
FUR-CH-10002335,Hon GuestStacker Chair,2,167.7358,181.336
FUR-CH-10002372,Office Star - Ergonomically Designed Knee Chair,2,71.2624,80.98
FUR-CH-10002439,"Iceberg Nesting Folding Chair, 19w x 6d x 43h",2,43.0828,52.398
FUR-CH-10002602,DMI Arturo Collection Mission-style Design Wood Chair,2,111.7252,135.882
FUR-CH-10002647,"Situations Contoured Folding Chairs, 4/Set",2,53.235,70.98
FUR-CH-10002758,"Hon Deluxe Fabric Upholstered Stacking Chairs, Squared Back",2,170.786,195.184
FUR-CH-10002774,"Global Deluxe Stacking Chair, Gray",2,36.1958,35.686
FUR-CH-10002780,Office Star - Task Chair with Contemporary Loop Arms,2,69.1448,81.882
FUR-CH-10002880,"Global High-Back Leather Tilter, Burgundy",2,109.4611,122.99
FUR-CH-10002961,"Leather Task Chair, Black",2,72.784,72.784
FUR-CH-10002965,"Global Leather Highback Executive Chair with Pneumatic Height Adjustment, Black",2,146.7154,160.784
FUR-CH-10003061,"Global Leather Task Chair, Black",2,72.8918999999999,89.99
FUR-CH-10003199,Office Star - Contemporary Task Swivel Chair,2,84.3448,110.98
FUR-CH-10003298,"Office Star - Contemporary Task Swivel chair with Loop Arms, Charcoal",2,119.191799999999,104.783999999999
FUR-CH-10003312,Hon 2090 “Pillow Soft” Series Mid Back Swivel/Tilt Chairs,2,261.3114,196.686
FUR-CH-10003379,Global Commerce Series High-Back Swivel/Tilt Chairs,2,213.735,227.984
FUR-CH-10003396,Global Deluxe Steno Chair,2,68.5121999999999,69.282
FUR-CH-10003535,"Global Armless Task Chair, Royal Blue",2,50.6134,54.882
FUR-CH-10003606,SAFCO Folding Chair Trolley,2,92.3327999999999,102.592
FUR-CH-10003746,Hon 4070 Series Pagoda Round Back Stacking Chairs,2,231.1056,320.98
FUR-CH-10003761,Global Italian Leather Office Chair,2,95.6154,130.98
FUR-CH-10003774,"Global Wood Trimmed Manager's Task Chair, Khaki",2,79.1525999999999,90.98
FUR-CH-10003817,"Global Value Steno Chair, Gray",2,45.555,48.592
FUR-CH-10003833,Novimex Fabric Task Chair,2,51.833,42.686
FUR-CH-10003846,Hon Valutask Swivel Chairs,2,84.8232,80.784
FUR-CH-10003956,Novimex High-Tech Fabric Mesh Task Chair,2,66.0114,56.784
FUR-CH-10003968,Novimex Turbo Task Chair,2,62.4624,63.882
FUR-CH-10003973,GuestStacker Chair with Chrome Finish Legs,2,267.6672,297.408
FUR-CH-10003981,Global Commerce Series Low-Back Swivel/Tilt Chairs,2,182.4558,231.282
FUR-CH-10004063,Global Deluxe High-Back Manager's Chair,2,203.045799999999,200.186
FUR-CH-10004086,Hon 4070 Series Pagoda Armless Upholstered Stacking Chairs,2,207.1283,233.384
FUR-CH-10004218,"Global Fabric Manager's Chair, Dark Gray",2,75.735,70.6859999999999
FUR-CH-10004287,SAFCO Arco Folding Chair,2,196.101999999999,193.34
FUR-CH-10004289,Global Super Steno Chair,2,79.6634,67.186
FUR-CH-10004477,"Global Push Button Manager's Chair, Indigo",2,43.2319,48.712
FUR-CH-10004495,"Global Leather and Oak Executive Chair, Black",2,213.6958,240.784
FUR-CH-10004540,Global Chrome Stack Chair,2,25.0244,23.996
FUR-CH-10004626,Office Star Flex Back Scooter Chair with Aluminum Finish Frame,2,76.6764,100.89
FUR-CH-10004675,"Lifetime Advantage Folding Chairs, 4/Carton",2,157.0176,174.464
FUR-CH-10004698,"Padded Folding Chairs, Black, 4/Carton",2,58.3056,56.686
FUR-CH-10004754,"Global Stack Chair with Arms, Black",2,21.8854,20.986
FUR-CH-10004853,"Global Manager's Adjustable Task Chair, Storm",2,107.195799999999,150.98
FUR-CH-10004860,Global Low Back Tilter Chair,2,94.9212,80.784
FUR-CH-10004875,Harbour Creations 67200 Series Stacking Chairs,2,51.9614,56.944
FUR-CH-10004886,Bevis Steel Folding Chairs,2,69.084,76.76
FUR-CH-10004983,Office Star - Mid Back Dual function Ergonomic High Back Chair with 2-Way Adjustable Arms,2,123.954599999999,112.685999999999
FUR-CH-10004997,Hon Every-Day Series Multi-Task Chairs,2,150.384,150.384
FUR-FU-10000010,"DAX Value U-Channel Document Frames, Easel Back",6,3.42929999999999,4.97
FUR-FU-10000023,Eldon Wave Desk Accessories,6,3.29839999999999,5.89
FUR-FU-10000073,Deflect-O Glasstique Clear Desk Accessories,6,5.159,7.69999999999999
FUR-FU-10000076,24-Hour Round Wall Clock,6,11.3885999999999,15.984
FUR-FU-10000087,"Executive Impressions 14"" Two-Color Numerals Wall Clock",6,13.4047999999999,18.176
FUR-FU-10000175,DAX Wood Document Frame.,6,9.4737,13.7299999999999
FUR-FU-10000193,Tenex Chairmats For Use with Hard Floors,6,29.8816,32.48
FUR-FU-10000206,"GE General Purpose, Extra Long Life, Showcase & Floodlight Incandescent Bulbs",6,1.5423,2.91
FUR-FU-10000221,"Master Caster Door Stop, Brown",6,3.3528,5.08
FUR-FU-10000222,"Seth Thomas 16"" Steel Case Clock",6,21.7615999999999,25.9839999999999
FUR-FU-10000246,Aluminum Document Frame,6,8.554,12.22
FUR-FU-10000260,"6"" Cubicle Wall Clock, Black",6,5.1776,3.236
FUR-FU-10000277,Deflect-o DuraMat Antistatic Studded Beveled Mat for Medium Pile Carpeting,6,80.0584,42.136
FUR-FU-10000293,Eldon Antistatic Chair Mats for Low to Medium Pile Carpets,6,98.9726,84.232
FUR-FU-10000305,"Tenex V2T-RE Standard Weight Series Chair Mat, 45"" x 53"", Lip 25"" x 12""",6,59.6232,56.784
FUR-FU-10000308,Deflect-o Glass Clear Studded Chair Mats,6,48.5004,62.18
FUR-FU-10000320,OIC Stacking Trays,6,1.87039999999999,2.67199999999999
FUR-FU-10000397,Luxo Economy Swing Arm Lamp,6,14.3568,19.94
FUR-FU-10000409,"GE 4 Foot Flourescent Tube, 40 Watt",6,8.0892,14.98
FUR-FU-10000448,Tenex Chairmats For Use With Carpeted Floors,6,15.181,15.9799999999999
FUR-FU-10000521,"Seth Thomas 14"" Putty-Colored Wall Clock",6,20.2446,23.472
FUR-FU-10000550,Stacking Trays by OIC,6,3.3366,3.984
FUR-FU-10000576,Luxo Professional Fluorescent Magnifier Lamp with Clamp-Mount Base,6,155.2816,83.936
FUR-FU-10000629,9-3/4 Diameter Round Wall Clock,6,7.9982,13.79
FUR-FU-10000672,"Executive Impressions 10"" Spectator Wall Clock",6,7.7616,11.76
FUR-FU-10000719,"DAX Cubicle Frames, 8-1/2 x 11",6,5.4848,8.57
FUR-FU-10000723,"Deflect-o EconoMat Studded, No Bevel Mat for Low Pile Carpeting",6,37.6012,16.528
FUR-FU-10000732,Eldon 200 Class Desk Accessories,6,4.27039999999999,6.28
FUR-FU-10000747,Tenex B1-RE Series Chair Mats for Low Pile Carpets,6,38.1633999999999,45.98
FUR-FU-10000755,Eldon Expressions Mahogany Wood Desk Collection,6,4.68,6.24
FUR-FU-10000758,DAX Natural Wood-Tone Poster Frame,6,16.9472,21.184
FUR-FU-10000771,"Eldon 200 Class Desk Accessories, Smoke",6,3.6424,6.28
FUR-FU-10000794,"Eldon Stackable Tray, Side-Load, Legal, Smoke",6,6.0324,9.14
FUR-FU-10000820,Tensor Brushed Steel Torchiere Floor Lamp,6,13.9317999999999,16.99
FUR-FU-10000965,"Howard Miller 11-1/2"" Diameter Ridgewood Wall Clock",6,30.6445999999999,51.94
FUR-FU-10001025,"Eldon Imàge Series Desk Accessories, Clear",6,2.7702,1.944
FUR-FU-10001037,"DAX Charcoal/Nickel-Tone Document Frame, 5 x 7",6,5.214,9.48
FUR-FU-10001057,Tensor Track Tree Floor Lamp,6,15.3923,15.992
FUR-FU-10001085,3M Polarizing Light Filter Sleeves,6,10.071,14.92
FUR-FU-10001095,DAX Black Cherry Wood-Tone Poster Frame,6,16.4176,21.184
FUR-FU-10001185,"Advantus Employee of the Month Certificate Frame, 11 x 13-1/2",6,18.2487,30.93
FUR-FU-10001196,DAX Cubicle Frames - 8x10,6,4.039,2.308
FUR-FU-10001215,"Howard Miller 11-1/2"" Diameter Brentwood Wall Clock",6,25.0154,43.13
FUR-FU-10001290,Executive Impressions Supervisor Wall Clock,6,28.628,42.1
FUR-FU-10001379,"Executive Impressions 16-1/2"" Circular Wall Clock",6,14.9631999999999,26.72
FUR-FU-10001424,Dax Clear Box Frame,6,5.7618,8.73
FUR-FU-10001468,Tenex Antistatic Computer Chair Mats,6,153.882,136.784
FUR-FU-10001473,DAX Wood Document Frame,6,8.7872,13.73
FUR-FU-10001475,"Contract Clock, 14"", Brown",6,14.5068,8.792
FUR-FU-10001487,"Eldon Expressions Wood and Plastic Desk Accessories, Cherry Wood",6,4.9558,6.97999999999999
FUR-FU-10001488,"Tenex 46"" x 60"" Computer Anti-Static Chairmat, Rectangular Shaped",6,84.784,105.98
FUR-FU-10001546,Dana Swing-Arm Lamps,6,8.01,8.544
FUR-FU-10001588,"Deflect-o SuperTray Unbreakable Stackable Tray, Letter, Black",6,16.6326,29.18
FUR-FU-10001591,Advantus Panel Wall Certificate Holder - 8.5x11,6,7.076,12.2
FUR-FU-10001602,"Eldon Delta Triangular Chair Mat, 52"" x 58"", Clear",6,31.1026,37.93
FUR-FU-10001617,"Executive Impressions 8-1/2"" Career Panel/Partition Cubicle Clock",6,6.864,8.32
FUR-FU-10001706,Longer-Life Soft White Bulbs,6,1.6016,3.08
FUR-FU-10001731,Acrylic Self-Standing Desk Frames,6,1.6554,2.136
FUR-FU-10001756,"Eldon Expressions Desk Accessory, Wood Photo Frame, Mahogany",6,13.5184,15.232
FUR-FU-10001847,Eldon Image Series Black Desk Accessories,6,2.6496,4.14
FUR-FU-10001852,"Eldon Regeneration Recycled Desk Accessories, Smoke",6,1.1832,1.392
FUR-FU-10001861,"Floodlight Indoor Halogen Bulbs, 1 Bulb per Pack, 60 Watts",6,9.89399999999999,19.4
FUR-FU-10001867,"Eldon Expressions Punched Metal & Wood Desk Accessories, Pewter & Cherry",6,7.6608,8.512
FUR-FU-10001876,"Computer Room Manger, 14""",6,20.7872,32.48
FUR-FU-10001889,Ultra Door Pull Handle,6,7.0484,10.52
FUR-FU-10001918,C-Line Cubicle Keepers Polyproplyene Holder With Velcro Backings,6,2.8853,3.784
FUR-FU-10001934,Magnifier Swing Arm Lamp,6,15.5252,20.98
FUR-FU-10001935,3M Hangers With Command Adhesive,6,2.183,2.96
FUR-FU-10001940,Staple-based wall hangings,6,4.4576,6.368
FUR-FU-10001967,Telescoping Adjustable Floor Lamp,6,14.9925,15.992
FUR-FU-10001979,Dana Halogen Swing-Arm Architect Lamp,6,29.4983999999999,40.97
FUR-FU-10001986,"Dana Fluorescent Magnifying Lamp, White, 36""",6,35.686,20.392
FUR-FU-10002030,"Executive Impressions 14"" Contract Wall Clock with Quartz Movement",6,12.4488,8.892
FUR-FU-10002045,"Executive Impressions 14""",6,12.4488,22.23
FUR-FU-10002088,Nu-Dell Float Frame 11 x 14 1/2,6,5.2084,8.98
FUR-FU-10002107,Eldon Pizzaz Desk Accessories,6,1.2488,1.784
FUR-FU-10002111,"Master Caster Door Stop, Large Brown",6,4.51359999999999,7.27999999999999
FUR-FU-10002116,"Tenex Carpeted, Granite-Look or Clear Contemporary Contour Shape Chair Mats",6,65.7603,70.71
FUR-FU-10002157,Artistic Insta-Plaque,6,9.5648,15.68
FUR-FU-10002191,G.E. Halogen Desk Lamp Bulbs,6,3.6296,6.98
FUR-FU-10002240,Nu-Dell EZ-Mount Plastic Wall Frames,6,2.364,1.576
FUR-FU-10002253,"Howard Miller 13"" Diameter Pewter Finish Round Wall Clock",6,26.1933999999999,34.352
FUR-FU-10002268,Ultra Door Push Plate,6,3.2897,3.928
FUR-FU-10002298,"Rubbermaid ClusterMat Chairmats, Mat Size- 66"" x 60"", Lip 20"" x 11"" -90 Degree Angle",6,93.2232,88.7839999999999
FUR-FU-10002364,"Eldon Expressions Wood Desk Accessories, Oak",6,5.2398,2.952
FUR-FU-10002379,Eldon Econocleat Chair Mats for Low Pile Carpets,6,36.4936,41.47
FUR-FU-10002396,"DAX Copper Panel Document Frame, 5 x 7 Size",6,7.2964,10.064
FUR-FU-10002445,"DAX Two-Tone Rosewood/Black Document Frame, Desktop, 5 x 7",6,5.688,9.48
FUR-FU-10002456,"Master Caster Door Stop, Large Neon Orange",6,4.14959999999999,5.824
FUR-FU-10002501,Nu-Dell Executive Frame,6,7.9632,12.64
FUR-FU-10002505,Eldon 100 Class Desk Accessories,6,2.2916,1.34799999999999
FUR-FU-10002506,"Tensor ""Hersey Kiss"" Styled Floor Lamp",6,11.4311999999999,12.99
FUR-FU-10002508,Document Clip Frames,6,4.8372,8.34
FUR-FU-10002553,"Electrix Incandescent Magnifying Lamp, Black",6,26.7545,14.66
FUR-FU-10002554,"Westinghouse Floor Lamp with Metal Mesh Shade, Black",6,18.4722999999999,23.99
FUR-FU-10002597,"C-Line Magnetic Cubicle Keepers, Clear Polypropylene",6,2.86519999999999,4.93999999999999
FUR-FU-10002671,Electrix 20W Halogen Replacement Bulb for Zoom-In Desk Lamp,6,6.968,13.4
FUR-FU-10002685,"Executive Impressions 13-1/2"" Indoor/Outdoor Wall Clock",6,11.594,18.7
FUR-FU-10002703,"Tenex Traditional Chairmats for Hard Floors, Average Lip, 36"" x 48""",6,56.716,64.45
FUR-FU-10002759,12-1/2 Diameter Round Wall Clock,6,12.7871999999999,7.992
FUR-FU-10002813,"DAX Contemporary Wood Frame with Silver Metal Mat, Desktop, 11 x 14 Size",6,12.9536,16.192
FUR-FU-10002874,Ultra Commercial Grade Dual Valve Door Closer,6,27.1252,31.912
FUR-FU-10002878,"Seth Thomas 14"" Day/Date Wall Clock",6,17.9424,22.784
FUR-FU-10002885,Magna Visual Magnetic Picture Hangers,6,2.9884,4.82
FUR-FU-10002918,Eldon ClusterMat Chair Mat with Cordless Antistatic Protection,6,80.9722,72.784
FUR-FU-10002937,"GE 48"" Fluorescent Tube, Cool White Energy Saver, 34 Watts, 30/Box",6,49.615,99.23
FUR-FU-10002960,"Eldon 200 Class Desk Accessories, Burgundy",6,3.6424,5.024
FUR-FU-10002963,"Master Caster Door Stop, Gray",6,3.3528,2.032
FUR-FU-10003026,"Eldon Regeneration Recycled Desk Accessories, Black",6,2.9524,3.872
FUR-FU-10003039,"Howard Miller 11-1/2"" Diameter Grantwood Wall Clock",6,28.4657999999999,34.504
FUR-FU-10003095,"Linden 12"" Wall Clock With Oak Frame",6,23.786,33.98
FUR-FU-10003096,"Master Giant Foot Doorstop, Safety Yellow",6,4.3263,6.072
FUR-FU-10003142,"Master Big Foot Doorstop, Beige",6,3.6432,4.224
FUR-FU-10003192,Luxo Adjustable Task Clamp Lamp,6,65.7416,71.072
FUR-FU-10003194,"Eldon Expressions Desk Accessory, Wood Pencil Holder, Oak",6,6.755,3.86
FUR-FU-10003247,36X48 HARDFLOOR CHAIRMAT,6,19.5114,20.98
FUR-FU-10003268,Eldon Radial Chair Mat for Low to Medium Pile Carpets,6,31.984,31.984
FUR-FU-10003274,Regeneration Desk Collection,6,0.9856,1.76
FUR-FU-10003347,Coloredge Poster Frame,6,8.66199999999999,14.2
FUR-FU-10003374,Electrix Fluorescent Magnifier Lamps & Weighted Base,6,35.5248,39.472
FUR-FU-10003394,"Tenex ""The Solids"" Textured Chair Mats",6,58.0668,69.96
FUR-FU-10003424,Nu-Dell Oak Frame,6,7.2624,8.544
FUR-FU-10003464,"Seth Thomas 8 1/2"" Cubicle Clock",6,13.7903999999999,16.224
FUR-FU-10003489,Contemporary Borderless Frame,6,5.4243,8.61
FUR-FU-10003535,Howard Miller Distant Time Traveler Alarm Clock,6,16.1777999999999,21.936
FUR-FU-10003553,"Howard Miller 13-1/2"" Diameter Rosebrook Wall Clock",6,41.262,27.508
FUR-FU-10003577,Nu-Dell Leatherette Frames,6,9.1776,14.34
FUR-FU-10003601,"Deflect-o RollaMat Studded, Beveled Mat for Medium Pile Carpeting",6,75.6286,73.784
FUR-FU-10003623,"DataProducts Ampli Magnifier Task Lamp, Black,",6,19.4832,21.648
FUR-FU-10003664,"Electrix Architect's Clamp-On Swing Arm Lamp, Black",6,67.7766,38.184
FUR-FU-10003691,"Eldon Image Series Desk Accessories, Ebony",6,6.91599999999999,12.35
FUR-FU-10003708,"Tenex Traditional Chairmats for Medium Pile Carpet, Standard Lip, 36"" x 48""",6,47.9135,48.52
FUR-FU-10003724,Westinghouse Clip-On Gooseneck Lamps,6,6.19379999999999,6.696
FUR-FU-10003731,"Eldon Expressions Wood and Plastic Desk Accessories, Oak",6,7.1856,9.98
FUR-FU-10003773,Eldon Cleatmat Plus Chair Mats for High Pile Carpets,6,70.7728,79.52
FUR-FU-10003798,"Ultra Door Kickplate, 8""H x 34""W",6,13.0548,15.824
FUR-FU-10003799,"Seth Thomas 13 1/2"" Wall Clock",6,12.2682,17.78
FUR-FU-10003806,"Tenex Chairmat w/ Average Lip, 45"" x 53""",6,136.224,151.359999999999
FUR-FU-10003829,Stackable Trays,6,2.0944,2.464
FUR-FU-10003832,"Eldon Expressions Punched Metal & Wood Desk Accessories, Black & Cherry",6,6.7536,9.38
FUR-FU-10003849,"DAX Metal Frame, Desktop, Stepped-Edge",6,12.3464,20.24
FUR-FU-10003878,"Linden 10"" Round Wall Clock, Black",6,10.0848,12.224
FUR-FU-10003919,Eldon Executive Woodline II Cherry Finish Desk Accessories,6,29.4408,16.356
FUR-FU-10003930,Howard Miller 12-3/4 Diameter Accuwave DS  Wall Clock,6,45.6402,31.476
FUR-FU-10003975,Eldon Advantage Chair Mats for Low to Medium Pile Carpets,6,38.979,43.31
FUR-FU-10003976,"DAX Executive Solid Wood Document Frame, Desktop or Hang, Mahogany, 5 x 7",6,8.3028,12.58
FUR-FU-10003981,Eldon Wave Desk Accessories,6,1.2064,1.664
FUR-FU-10004006,"Deflect-o DuraMat Lighweight, Studded, Beveled Mat for Low Pile Carpeting",6,35.3994999999999,34.12
FUR-FU-10004017,"Tenex Contemporary Contur Chairmats for Low and Medium Pile Carpet, Computer, 39"" x 49""",6,86.024,86.024
FUR-FU-10004018,Tensor Computer Mounted Lamp,6,10.8697,14.89
FUR-FU-10004020,Advantus Panel Wall Acrylic Frame,6,3.1179,4.376
FUR-FU-10004053,DAX Two-Tone Silver Metal Document Frame,6,11.5368,20.24
FUR-FU-10004071,Luxo Professional Magnifying Clamp-On Fluorescent Lamps,6,89.4486,104.01
FUR-FU-10004090,"Executive Impressions 14"" Contract Wall Clock",6,14.8941,22.23
FUR-FU-10004091,"Howard Miller 13"" Diameter Goldtone Round Wall Clock",6,27.6946,37.552
FUR-FU-10004093,Hand-Finished Solid Wood Document Frame,6,23.961,34.23
FUR-FU-10004164,"Eldon 300 Class Desk Accessories, Black",6,2.772,4.95
FUR-FU-10004188,Luxo Professional Combination Clamp-On Lamps,6,75.702,102.3
FUR-FU-10004245,"Career Cubicle Clock, 8 1/4"", Black",6,12.5736,20.28
FUR-FU-10004270,"Eldon Image Series Desk Accessories, Burgundy",6,2.6752,1.672
FUR-FU-10004306,Electrix Halogen Magnifier Lamp,6,143.782,155.44
FUR-FU-10004351,Staple-based wall hangings,6,5.4544,3.896
FUR-FU-10004415,"Stacking Tray, Side-Loading, Legal, Smoke",6,3.0912,3.584
FUR-FU-10004460,"Howard Miller 12"" Round Wall Clock",6,25.1455999999999,31.432
FUR-FU-10004586,G.E. Longer-Life Indoor Recessed Floodlight Bulbs,6,3.4528,6.64
FUR-FU-10004587,"GE General Use Halogen Bulbs, 100 Watts, 1 Bulb per Pack",6,10.6794,20.94
FUR-FU-10004597,Eldon Cleatmat Chair Mats for Medium Pile Carpets,6,48.285,22.2
FUR-FU-10004622,Eldon Advantage Foldable Chair Mats for Low Pile Carpets,6,42.818,54.2
FUR-FU-10004665,"3M Polarizing Task Lamp with Clamp Arm, Light Gray",6,101.3652,136.98
FUR-FU-10004666,DAX Clear Channel Poster Frame,6,9.1854,14.58
FUR-FU-10004671,"Executive Impressions 12"" Wall Clock",6,10.9554,7.068
FUR-FU-10004712,"Westinghouse Mesh Shade Clip-On Gooseneck Lamp, Black",6,10.4636,14.14
FUR-FU-10004748,"Howard Miller 16"" Diameter Gallery Wall Clock",6,39.0034,63.94
FUR-FU-10004845,"Deflect-o EconoMat Nonstudded, No Bevel Mat",6,41.32,51.65
FUR-FU-10004848,"Howard Miller 13-3/4"" Diameter Brushed Chrome Round Wall Clock",6,36.225,41.4
FUR-FU-10004864,"Howard Miller 14-1/2"" Diameter Chrome Round Wall Clock",6,43.4792,63.94
FUR-FU-10004904,"Eldon ""L"" Workstation Diamond Chairmat",6,66.8624,30.392
FUR-FU-10004909,Contemporary Wood/Metal Frame,6,10.504,6.464
FUR-FU-10004952,"C-Line Cubicle Keepers Polyproplyene Holder w/Velcro Back, 8-1/2x11, 25/Bx",6,37.7706,54.74
FUR-FU-10004960,"Seth Thomas 12"" Clock w/ Goldtone Case",6,15.1668,22.98
FUR-FU-10004963,"Eldon 400 Class Desk Accessories, Black Carbon",6,5.075,8.75
FUR-FU-10004973,Flat Face Poster Frame,6,10.9272,18.84
FUR-TA-10000198,Chromcraft Bull-Nose Wood Oval Conference Tables & Bases,4,473.8428,550.98
FUR-TA-10000577,Bretford CR4500 Series Slim Rectangular Table,4,268.1217,191.5155
FUR-TA-10000617,"Hon Practical Foundations 30 x 60 Training Table, Light Gray/Charcoal",4,177.489,125.152499999999
FUR-TA-10000688,"Chromcraft Bull-Nose Wood Round Conference Table Top, Wood Base",4,180.8155,108.925
FUR-TA-10000849,Bevis Rectangular Conference Tables,4,122.6232,72.99
FUR-TA-10001039,KI Adjustable-Height Table,4,63.6252,51.588
FUR-TA-10001086,"SAFCO PlanMaster Boards, 60w x 37-1/2d, White Melamine",4,112.4726,75.995
FUR-TA-10001095,Chromcraft Round Conference Tables,4,137.6891,95.8595
FUR-TA-10001307,"SAFCO PlanMaster Heigh-Adjustable Drafting Table Base, 43w x 30d x 30-37h, Black",4,223.648,209.67
FUR-TA-10001520,"Lesro Sheffield Collection Coffee Table, End Table, Center Table, Corner Table",4,59.2371,49.959
FUR-TA-10001539,Chromcraft Rectangular Conference Tables,4,180.0972,189.576
FUR-TA-10001676,Hon 61000 Series Interactive Training Tables,4,36.4326,22.215
FUR-TA-10001691,"Barricks Non-Folding Utility Table with Steel Legs, Laminate Tops",4,60.5559,68.232
FUR-TA-10001705,Bush Advantage Collection Round Conference Table,4,167.954,116.93
FUR-TA-10001768,Hon Racetrack Conference Tables,4,207.382899999999,262.51
FUR-TA-10001771,"Bush Cubix Conference Tables, Fully Assembled",4,173.234999999999,184.784
FUR-TA-10001857,Balt Solid Wood Rectangular Table,4,94.9409999999999,63.294
FUR-TA-10001866,Bevis Round Conference Room Tables and Bases,4,139.846199999999,143.432
FUR-TA-10001889,Bush Advantage Collection Racetrack Conference Table,4,347.8522,212.105
FUR-TA-10001932,"Chromcraft 48"" x 96"" Racetrack Double Pedestal Table",4,250.0992,320.64
FUR-TA-10001950,Balt Solid Wood Round Tables,4,406.3059,446.49
FUR-TA-10002041,"Bevis Round Conference Table Top, X-Base",4,159.5681,143.432
FUR-TA-10002228,"Bevis Traditional Conference Table Top, Plinth Base",4,276.6888,200.016
FUR-TA-10002356,Bevis Boat-Shaped Conference Table,4,199.2036,131.055
FUR-TA-10002530,"Iceberg OfficeWorks 42"" Round Tables",4,128.333,150.98
FUR-TA-10002533,BPI Conference Tables,4,116.839999999999,73.0249999999999
FUR-TA-10002607,KI Conference Tables,4,59.5476,35.445
FUR-TA-10002622,"Bush Andora Conference Table, Maple/Graphite Gray Finish",4,131.6546,102.588
FUR-TA-10002645,Hon Rectangular Conference Tables,4,188.8665,136.53
FUR-TA-10002774,Laminate Occasional Tables,4,127.927899999999,123.303999999999
FUR-TA-10002855,Bevis Round Conference Table Top & Single Column Base,4,115.6086,146.34
FUR-TA-10002903,"Bevis Round Bullnose 29"" High Table Top",4,197.379599999999,207.767999999999
FUR-TA-10002958,"Bevis Oval Conference Table, Walnut",4,216.6134,130.49
FUR-TA-10003008,"Lesro Round Back Collection Coffee Table, End Table",4,158.8185,182.55
FUR-TA-10003238,"Chromcraft Bull-Nose Wood 48"" x 96"" Rectangular Conference Tables",4,446.2938,330.588
FUR-TA-10003392,Global Adaptabilities Conference Tables,4,227.5938,280.98
FUR-TA-10003469,Balt Split Level Computer Training Table,4,116.55,111.0
FUR-TA-10003473,Bretford Rectangular Conference Table Tops,4,289.6201,206.8715
FUR-TA-10003569,Bretford CR8500 Series Meeting Room Furniture,4,300.735,200.49
FUR-TA-10003715,Hon 2111 Invitation Series Corner Table,4,196.8078,167.496
FUR-TA-10003748,Bevis 36 x 72 Conference Tables,4,97.1022,124.49
FUR-TA-10003837,Anderson Hickey Conga Table Tops & Accessories,4,13.8593,12.184
FUR-TA-10003954,Hon 94000 Series Round Tables,4,269.5238,236.944
FUR-TA-10004086,KI Adjustable-Height Table,4,67.0644,85.98
FUR-TA-10004147,Hon 4060 Series Tables,4,87.3287999999999,89.568
FUR-TA-10004152,"Barricks 18"" x 48"" Non-Folding Utility Table with Bottom Storage Shelf",4,74.592,70.56
FUR-TA-10004154,"Riverside Furniture Oval Coffee Table, Oval End Table, End Table with Drawer",4,223.743,172.11
FUR-TA-10004175,"Hon 30"" x 60"" Table with Locking Drawer",4,245.5632,272.848
FUR-TA-10004256,Bretford “Just In Time” Height-Adjustable Multi-Task Work Tables,4,388.182,333.92
FUR-TA-10004289,BoxOffice By Design Rectangular and Half-Moon Meeting Room Tables,4,190.3125,109.375
FUR-TA-10004442,Riverside Furniture Stanwyck Manor Table Series,4,266.7705,172.11
FUR-TA-10004534,Bevis 44 x 96 Conference Tables,4,170.897,102.95
FUR-TA-10004575,Hon 5100 Series Wood Tables,4,238.6036,232.784
FUR-TA-10004607,Hon 2111 Invitation Series Straight Table,4,119.7423,103.481
FUR-TA-10004619,Hon Non-Folding Utility Tables,4,111.517,127.448
FUR-TA-10004767,Safco Drafting Table,4,50.3958,70.98
FUR-TA-10004915,"Office Impressions End Table, 20-1/2""H x 24""W x 20""D",4,255.1584,212.632
OFF-AP-10000026,Tripp Lite Isotel 6 Outlet Surge Protector with Fax/Modem Protection,10,43.2887,60.97
OFF-AP-10000027,Hoover Commercial SteamVac,10,9.506,13.58
OFF-AP-10000055,Belkin F9S820V06 8 Outlet Surge,10,22.736,6.49599999999999
OFF-AP-10000124,Acco 6 Outlet Guardian Basic Surge Suppressor,10,5.9904,8.32
OFF-AP-10000159,Belkin F9M820V08 8 Outlet Surge,10,30.5158,34.384
OFF-AP-10000179,Honeywell Enviracaire Portable HEPA Air Cleaner for up to 10 x 16 Room,10,75.2618,111.042
OFF-AP-10000240,Belkin F9G930V10-GRY 9 Outlet Surge,10,37.9708,53.48
OFF-AP-10000252,Harmony HEPA Quiet Air Purifiers,10,7.605,11.7
OFF-AP-10000275,"Sanyo Counter Height Refrigerator with Crisper, 3.6 Cubic Foot, Stainless Steel/Black",10,236.2608,328.14
OFF-AP-10000326,Belkin 7 Outlet SurgeMaster Surge Protector with Phone Protection,10,28.0308,31.5839999999999
OFF-AP-10000358,Fellowes Basic Home/Office Series Surge Protectors,10,9.2158,12.9799999999999
OFF-AP-10000390,Euro Pro Shark Stick Mini Vacuum,10,45.1252,48.784
OFF-AP-10000576,Belkin 7 Outlet SurgeMaster II,10,28.4256,39.48
OFF-AP-10000595,Disposable Triple-Filter Dust Bags,10,3.2338,4.37
OFF-AP-10000692,Fellowes Mighty 8 Compact Surge Protector,10,14.5944,20.27
OFF-AP-10000696,Holmes Odor Grabber,10,9.6614,2.884
OFF-AP-10000804,Hoover Portapower Portable Vacuum,10,3.36,0.896
OFF-AP-10000828,Avanti 4.4 Cu. Ft. Refrigerator,10,130.3056,144.784
OFF-AP-10000891,Kensington 7 Outlet MasterPiece HOMEOFFICE Power Control Center,10,91.784,26.224
OFF-AP-10000938,Avanti 1.7 Cu. Ft. Refrigerator,10,72.7056,100.98
OFF-AP-10001005,Honeywell Quietcare HEPA Air Cleaner,10,52.6955,62.92
OFF-AP-10001058,Sanyo 2.5 Cubic Foot Mid-Size Office Refrigerators,10,207.059399999999,279.81
OFF-AP-10001124,Belkin 8 Outlet SurgeMaster II Gold Surge Protector with Phone Protection,10,59.9252,80.98
OFF-AP-10001154,Bionaire Personal Warm Mist Humidifier/Vaporizer,10,28.6028999999999,46.8899999999999
OFF-AP-10001205,Belkin 5 Outlet SurgeMaster Power Centers,10,39.2256,54.48
OFF-AP-10001242,APC 7 Outlet Network SurgeArrest Surge Protector,10,56.336,16.096
OFF-AP-10001271,Eureka The Boss Cordless Rechargeable Stick Vac,10,37.2153999999999,50.98
OFF-AP-10001293,Belkin 8 Outlet Surge Protector,10,29.5056,8.196
OFF-AP-10001303,"Holmes Cool Mist Humidifier for the Whole House with 8-Gallon Output per Day, Extended Life Filter",10,10.945,3.98
OFF-AP-10001366,Staple holder,10,8.0154,10.98
OFF-AP-10001391,Kensington 6 Outlet MasterPiece HOMEOFFICE Power Control Center,10,64.0704,90.24
OFF-AP-10001394,Harmony Air Purifier,10,120.96,37.8
OFF-AP-10001469,Fellowes 8 Outlet Superior Workstation Surge Protector,10,29.6141,33.368
OFF-AP-10001492,"Acco Six-Outlet Power Strip, 4' Cord Length",10,6.3788,8.62
OFF-AP-10001563,Belkin Premiere Surge Master II 8-outlet surge protector,10,34.4918,48.58
OFF-AP-10001564,Hoover Commercial Lightweight Upright Vacuum with E-Z Empty Dirt Cup,10,172.1092,232.58
OFF-AP-10001626,"Commercial WindTunnel Clean Air Upright Vacuum, Replacement Belts, Filtration Bags",10,2.8786,3.89
OFF-AP-10001634,Hoover Commercial Lightweight Upright Vacuum,10,2.57519999999999,0.696
OFF-AP-10001947,Acco 6 Outlet Guardian Premium Plus Surge Suppressor,10,13.0072,3.664
OFF-AP-10001962,Black & Decker Filter for Double Action Dustbuster Cordless Vac BLDV7210,10,6.2925,8.39
OFF-AP-10002082,Holmes HEPA Air Purifier,10,14.157,17.424
OFF-AP-10002118,"1.7 Cubic Foot Compact ""Cube"" Office Refrigerators",10,151.9568,208.16
OFF-AP-10002191,Belkin 8 Outlet SurgeMaster II Gold Surge Protector,10,43.1855999999999,59.98
OFF-AP-10002203,Eureka Disposable Bags for Sanitaire Vibra Groomer I Upright Vac,10,3.045,0.812
OFF-AP-10002222,Staple holder,10,6.32909999999999,8.67
OFF-AP-10002287,"Eureka Sanitaire  Multi-Pro Heavy-Duty Upright, Disposable Bags",10,3.2338,3.496
OFF-AP-10002311,"Holmes Replacement Filter for HEPA Air Cleaner, Very Large Room, HEPA Filter",10,38.5336,13.762
OFF-AP-10002350,Belkin F9H710-06 7 Outlet SurgeMaster Surge Protector,10,13.5647999999999,15.072
OFF-AP-10002403,Acco Smartsocket Color-Coded Six-Outlet AC Adapter Model Surge Protectors,10,32.5674,44.01
OFF-AP-10002439,Tripp Lite Isotel 8 Ultra 8 Outlet Metal Surge,10,52.5178,56.776
OFF-AP-10002457,"Eureka The Boss Plus 12-Amp Hard Box Upright Vacuum, Red",10,76.3945,104.65
OFF-AP-10002472,3M Office Air Cleaner,10,16.887,25.98
OFF-AP-10002495,"Acco Smartsocket Table Surge Protector, 6 Color-Coded Adapter Outlets",10,43.435,49.64
OFF-AP-10002518,Kensington 7 Outlet MasterPiece Power Center,10,126.3658,35.596
OFF-AP-10002534,3.6 Cubic Foot Counter Height Office Refrigerator,10,212.1264,58.924
OFF-AP-10002578,"Fellowes Premier Superior Surge Suppressor, 10-Outlet, With Phone and Remote",10,36.2008,39.136
OFF-AP-10002651,Hoover Upright Vacuum With Dirt Cup,10,205.5663,289.53
OFF-AP-10002670,Belkin 8-Outlet Premiere SurgeMaster II Surge Protectors,10,48.636,69.48
OFF-AP-10002684,"Acco 7-Outlet Masterpiece Power Center, Wihtout Fax/Phone Line Protection",10,85.106,24.316
OFF-AP-10002734,Holmes Harmony HEPA Air Purifier for 17 x 20 Room,10,128.2728,225.04
OFF-AP-10002765,Fellowes Advanced Computer Series Surge Protectors,10,19.0727999999999,26.49
OFF-AP-10002867,Fellowes Command Center 5-outlet power strip,10,49.5232,67.84
OFF-AP-10002892,Belkin F5C206VTEL 6 Outlet Surge,10,16.086,22.98
OFF-AP-10002906,Hoover Replacement Belt for Commercial Guardsman Heavy-Duty Upright Vacuum,10,1.554,1.776
OFF-AP-10002945,Honeywell Enviracaire Portable HEPA Air Cleaner for 17' x 22' Room,10,201.4355,300.65
OFF-AP-10002998,Holmes 99% HEPA Air Purifier,10,14.5122,17.328
OFF-AP-10003040,Fellowes 8 Outlet Superior Workstation Surge Protector w/o Phone/Fax/Modem Protection,10,24.8788,33.62
OFF-AP-10003057,Honeywell Enviracaire Portable HEPA Air Cleaner for 16' x 20' Room,10,167.9757,275.37
OFF-AP-10003099,"Eureka Hand Vacuum, Bagless",10,35.5896,49.43
OFF-AP-10003217,Eureka Sanitaire  Commercial Upright,10,122.6254,33.142
OFF-AP-10003266,"Holmes Replacement Filter for HEPA Air Cleaner, Large Room",10,8.5898,11.848
OFF-AP-10003278,Belkin 7-Outlet SurgeMaster Home Series,10,10.3378,2.794
OFF-AP-10003281,Acco 6 Outlet Guardian Standard Surge Suppressor,10,8.463,12.09
OFF-AP-10003287,Tripp Lite TLP810NET Broadband Surge for Modem/Fax,10,36.6984,40.776
OFF-AP-10003590,Hoover WindTunnel Plus Canister Vacuum,10,261.54,363.25
OFF-AP-10003622,"Bravo II Megaboss 12-Amp Hard Body Upright, Replacement Belts, 2 Belts per Pack",10,2.3075,2.6
OFF-AP-10003779,Kensington 7 Outlet MasterPiece Power Center with Fax/Phone Line Protection,10,145.236,207.48
OFF-AP-10003842,Euro-Pro Shark Turbo Vacuum,10,22.9252,27.882
OFF-AP-10003849,Hoover Shoulder Vac Commercial Portable Vacuum,10,268.365,322.038
OFF-AP-10003860,Fellowes Advanced 8 Outlet Surge Suppressor with Phone/Fax Protection,10,20.2647999999999,22.208
OFF-AP-10003884,"Fellowes Smart Surge Ten-Outlet Protector, Platinum",10,43.3583999999999,60.22
OFF-AP-10003914,"Sanitaire Vibra Groomer IR Commercial Upright Vacuum, Replacement Belts",10,2.34,2.6
OFF-AP-10003971,Belkin 6 Outlet Metallic Surge Strip,10,8.0586,10.89
OFF-AP-10004036,Bionaire 99.97% HEPA Air Cleaner,10,11.388,17.52
OFF-AP-10004052,"Hoover Replacement Belts For Soft Guard & Commercial Ltweight Upright Vacs, 2/Pk",10,2.923,3.95
OFF-AP-10004136,Kensington 6 Outlet SmartSocket Surge Protector,10,30.735,40.98
OFF-AP-10004233,Honeywell Enviracaire Portable Air Cleaner for up to 8 x 10 Room,10,52.9368,15.344
OFF-AP-10004249,Staple holder,10,8.73809999999999,11.9699999999999
OFF-AP-10004336,"Conquest 14 Commercial Heavy-Duty Upright Vacuum, Collection System, Accessory Kit",10,40.4416,56.96
OFF-AP-10004487,Kensington 4 Outlet MasterPiece Compact Power Control Center,10,58.5504,81.32
OFF-AP-10004532,Kensington 6 Outlet Guardian Standard Surge Protector,10,14.9504,20.48
OFF-AP-10004540,"Eureka The Boss Lite 10-Amp Upright Vacuum, Blue",10,57.7151999999999,80.16
OFF-AP-10004655,"Holmes Visible Mist Ultrasonic Humidifier with 2.3-Gallon Output per Day, Replacement Filter",10,7.4712,2.264
OFF-AP-10004708,Fellowes Superior 10 Outlet Split Surge Protector,10,27.0226,38.06
OFF-AP-10004785,"Holmes Replacement Filter for HEPA Air Cleaner, Medium Room",10,6.4581,11.33
OFF-AP-10004859,Acco 6 Outlet Guardian Premium Surge Suppressor,10,10.6288,14.5599999999999
OFF-AP-10004868,Hoover Commercial Soft Guard Upright Vacuum And Disposable Filtration Bags,10,5.6721,1.554
OFF-AP-10004980,3M Replacement Filter for Office Air Cleaner for 20' x 33' Room,10,23.1312,30.336
OFF-AR-10000034,"BIC Brite Liner Grip Highlighters, Assorted, 5/Pack",7,2.5864,3.392
OFF-AR-10000122,Newell 314,7,4.185,4.464
OFF-AR-10000127,Newell 321,7,2.3288,2.624
OFF-AR-10000203,Newell 336,7,3.03879999999999,3.424
OFF-AR-10000246,Newell 318,7,2.0572,2.78
OFF-AR-10000255,Newell 328,7,4.3216,5.84
OFF-AR-10000315,"Dixon Ticonderoga Maple Cedar Pencil, #2",7,2.30249999999999,2.456
OFF-AR-10000369,Design Ebony Sketching Pencil,7,1.0286,1.11199999999999
OFF-AR-10000380,"Hunt PowerHouse Electric Pencil Sharpener, Blue",7,26.586,37.98
OFF-AR-10000390,Newell Chalk Holder,7,2.2302,3.304
OFF-AR-10000411,Boston 16701 Slimline Battery Pencil Sharpener,7,11.158,15.94
OFF-AR-10000422,Pencil and Crayon Sharpener,7,1.5987,2.19
OFF-AR-10000462,Sanford Pocket Accent Highlighters,7,0.912,1.6
OFF-AR-10000475,"Hunt BOSTON Vista Battery-Operated Pencil Sharpener, Black",7,8.5118,11.66
OFF-AR-10000538,"Boston Model 1800 Electric Pencil Sharpener, Gray",7,19.705,22.52
OFF-AR-10000588,Newell 345,7,14.6816,19.84
OFF-AR-10000614,Barrel Sharpener,7,2.6418,3.57
OFF-AR-10000634,Newell 320,7,3.1244,3.424
OFF-AR-10000657,"Binney & Smith inkTank Desk Highlighter, Chisel Tip, Yellow, 12/Box",7,1.4405,1.72
OFF-AR-10000658,Newell 324,7,8.316,9.24
OFF-AR-10000716,DIXON Ticonderoga Erasable Checking Pencils,7,3.4038,5.58
OFF-AR-10000799,Col-Erase Pencils with Erasers,7,4.3168,6.07999999999999
OFF-AR-10000817,Manco Dry-Lighter Erasable Highlighter,7,2.0064,3.04
OFF-AR-10000823,Newell 307,7,1.3104,1.82
OFF-AR-10000896,Newell 329,7,2.4272,3.28
OFF-AR-10000914,Boston 16765 Mini Stand Up Battery Pencil Sharpener,7,8.6284,9.328
OFF-AR-10000937,"Dixon Ticonderoga Core-Lock Colored Pencils, 48-Color Set",7,20.468,29.24
OFF-AR-10000940,Newell 343,7,2.1462,2.94
OFF-AR-10001022,SANFORD Liquid Accent Tank-Style Highlighters,7,1.9596,2.84
OFF-AR-10001026,"Sanford Uni-Blazer View Highlighters, Chisel Tip, Yellow",7,1.232,2.2
OFF-AR-10001044,"BOSTON Ranger #55 Pencil Sharpener, Black",7,18.4529,25.99
OFF-AR-10001118,"Binney & Smith Crayola Metallic Crayons, 16-Color Pack",7,1.8872,2.696
OFF-AR-10001130,"Quartet Alpha White Chalk, 12/Pack",7,1.1713,1.768
OFF-AR-10001149,"Sanford Colorific Colored Pencils, 12/Box",7,2.016,2.88
OFF-AR-10001166,Staples in misc. colors,7,4.62379999999999,7.57999999999999
OFF-AR-10001177,Newell 349,7,2.32879999999999,2.62399999999999
OFF-AR-10001216,Newell 339,7,2.0572,2.78
OFF-AR-10001221,"Dixon Ticonderoga Erasable Colored Pencil Set, 12-Color",7,3.9468,4.784
OFF-AR-10001227,Newell 338,7,2.1462,2.94
OFF-AR-10001231,"Sanford EarthWrite Recycled Pencils, Medium Soft, #2",7,1.512,2.1
OFF-AR-10001246,Newell 317,7,2.08739999999999,2.94
OFF-AR-10001315,Newell 310,7,1.2496,1.76
OFF-AR-10001374,"BIC Brite Liner Highlighters, Chisel Tip",7,4.4064,6.48
OFF-AR-10001419,Newell 325,7,2.891,3.304
OFF-AR-10001427,Newell 330,7,4.4252,5.98
OFF-AR-10001446,Newell 309,7,8.08499999999999,11.5499999999999
OFF-AR-10001468,"Sanford Prismacolor Professional Thick Lead Art Pencils, 36-Color Set",7,22.8383999999999,29.9519999999999
OFF-AR-10001473,Newell 313,7,2.39439999999999,3.28
OFF-AR-10001545,Newell 326,7,1.2496,1.76
OFF-AR-10001547,Newell 311,7,1.6133,2.21
OFF-AR-10001573,American Pencil,7,1.6543,2.33
OFF-AR-10001615,Newell 34,7,14.6816,19.84
OFF-AR-10001662,Rogers Handheld Barrel Pencil Sharpener,7,2.0002,2.74
OFF-AR-10001683,Lumber Crayons,7,6.107,7.88
OFF-AR-10001725,Boston Home & Office Model 2000 Electric Pencil Sharpeners,7,17.5009999999999,23.65
OFF-AR-10001761,Avery Hi-Liter Smear-Safe Highlighters,7,3.73759999999999,5.84
OFF-AR-10001770,Economy #2 Pencils,7,1.9684,2.66
OFF-AR-10001860,BIC Liqua Brite Liner,7,4.4416,6.94
OFF-AR-10001868,Prang Dustless Chalk Sticks,7,0.84,1.68
OFF-AR-10001897,Model L Table or Wall-Mount Pencil Sharpener,7,12.9528,14.392
OFF-AR-10001915,Peel-Off China Markers,7,5.75939999999999,9.93
OFF-AR-10001919,"OIC #2 Pencils, Medium Soft",7,1.3348,1.88
OFF-AR-10001940,"Sanford Colorific Eraseable Coloring Pencils, 12 Count",7,1.86959999999999,3.28
OFF-AR-10001953,Boston 1645 Deluxe Heavier-Duty Electric Pencil Sharpener,7,32.1053999999999,43.98
OFF-AR-10001954,Newell 331,7,3.56969999999999,3.912
OFF-AR-10001955,Newell 319,7,13.888,15.872
OFF-AR-10001958,Stanley Bostitch Contemporary Electric Pencil Sharpeners,7,12.2256,13.584
OFF-AR-10001972,Newell 323,7,1.24319999999999,1.34399999999999
OFF-AR-10001988,Bulldog Table or Wall-Mount Pencil Sharpener,7,4.25289999999999,5.98999999999999
OFF-AR-10002053,"Premium Writing Pencils, Soft, #2 by Central Association for the Blind",7,2.1456,2.98
OFF-AR-10002067,Newell 334,7,14.6816,19.84
OFF-AR-10002135,Boston Heavy-Duty Trimline Electric Pencil Sharpeners,7,34.222,48.1999999999999
OFF-AR-10002221,12 Colored Short Pencils,7,1.898,2.08
OFF-AR-10002240,Panasonic KP-150 Electric Pencil Sharpener,7,27.9276,37.74
OFF-AR-10002255,Newell 346,7,2.0448,2.88
OFF-AR-10002257,"Eldon Spacemaker Box, Quick-Snap Lid, Clear",7,2.3046,2.672
OFF-AR-10002280,Staples in misc. colors,7,3.5585,6.47
OFF-AR-10002335,DIXON Oriole Pencils,7,1.9092,2.58
OFF-AR-10002375,Newell 351,7,2.3288,3.28
OFF-AR-10002399,"Dixon Prang Watercolor Pencils, 10-Color Set with Brush",7,2.5134,4.26
OFF-AR-10002445,SANFORD Major Accent Highlighters,7,4.3896,5.664
OFF-AR-10002467,Dixon Ticonderoga Pencils,7,2.1754,2.384
OFF-AR-10002578,Newell 335,7,2.0448,2.88
OFF-AR-10002656,Sanford Liquid Accent Highlighters,7,4.2084,5.344
OFF-AR-10002671,"Hunt BOSTON Model 1606 High-Volume Electric Pencil Sharpener, Beige",7,125.215199999999,139.128
OFF-AR-10002704,Boston 1900 Electric Pencil Sharpener,7,10.486,14.98
OFF-AR-10002766,Prang Drawing Pencil Set,7,2.0294,2.22399999999999
OFF-AR-10002804,Faber Castell Col-Erase Pencils,7,2.88509999999999,4.89
OFF-AR-10002818,Panasonic KP-310 Heavy-Duty Electric Pencil Sharpener,7,15.386,21.98
OFF-AR-10002833,Newell 322,7,1.3286,1.82
OFF-AR-10002952,Stanley Contemporary Battery Pencil Sharpeners,7,9.612,13.35
OFF-AR-10002956,Boston 16801 Nautilus Battery Pencil Sharpener,7,16.2874,17.608
OFF-AR-10002987,Prismacolor Color Pencil Set,7,11.7056,19.84
OFF-AR-10003045,Prang Colored Pencils,7,1.61699999999999,2.94
OFF-AR-10003056,Newell 341,7,3.0388,4.28
OFF-AR-10003087,Staples in misc. colors,7,1.2816,1.78
OFF-AR-10003156,50 Colored Long Pencils,7,7.5184,10.16
OFF-AR-10003158,Fluorescent Highlighters by Dixon,7,2.6268,3.98
OFF-AR-10003179,Dixon Ticonderoga Core-Lock Colored Pencils,7,6.1037,9.11
OFF-AR-10003183,Avery Fluorescent Highlighter Four-Color Set,7,2.338,2.672
OFF-AR-10003190,Newell 32,7,2.0736,2.88
OFF-AR-10003217,Newell 316,7,3.5208,3.912
OFF-AR-10003251,Prang Drawing Pencil Set,7,1.668,2.22399999999999
OFF-AR-10003338,"Eberhard Faber 3 1/2"" Golf Pencils",7,5.58,5.952
OFF-AR-10003373,"Boston School Pro Electric Pencil Sharpener, 1670",7,22.6153999999999,24.784
OFF-AR-10003394,Newell 332,7,2.1462,2.94
OFF-AR-10003405,"Dixon My First Ticonderoga Pencil, #2",7,4.15349999999999,4.68
OFF-AR-10003469,Nontoxic Chalk,7,0.915199999999999,1.408
OFF-AR-10003477,4009 Highlighters,7,0.884399999999999,1.33999999999999
OFF-AR-10003478,"Avery Hi-Liter EverBold Pen Style Fluorescent Highlighters, 4/Pack",7,4.884,6.512
OFF-AR-10003481,Newell 348,7,2.32879999999999,2.624
OFF-AR-10003504,Newell 347,7,3.0388,4.28
OFF-AR-10003514,4009 Highlighters by Sanford,7,2.6666,3.97999999999999
OFF-AR-10003560,Zebra Zazzle Fluorescent Highlighters,7,4.0128,4.864
OFF-AR-10003582,"Boston Electric Pencil Sharpener, Model 1818, Charcoal Black",7,20.268,28.15
OFF-AR-10003602,"Quartet Omega Colored Chalk, 12/Pack",7,3.09519999999999,4.672
OFF-AR-10003631,Staples in misc. colors,7,3.2428,4.84
OFF-AR-10003651,Newell 350,7,2.32879999999999,3.28
OFF-AR-10003696,Panasonic KP-350BK Electric Pencil Sharpener with Auto Stop,7,24.5518,34.58
OFF-AR-10003723,Avery Hi-Liter Fluorescent Desk Style Markers,7,2.1294,3.38
OFF-AR-10003727,Berol Giant Pencil Sharpener,7,12.0628999999999,16.99
OFF-AR-10003732,Newell 333,7,2.0572,2.78
OFF-AR-10003752,Deluxe Chalkboard Eraser Cleaner,7,6.237,11.55
OFF-AR-10003759,"Crayola Anti Dust Chalk, 12/Pack",7,1.001,1.82
OFF-AR-10003770,Newell 340,7,2.0448,2.88
OFF-AR-10003772,Boston 16750 Black Compact Battery Pencil Sharpener,7,6.125,8.75
OFF-AR-10003811,Newell 327,7,1.6133,2.21
OFF-AR-10003829,Newell 35,7,2.32879999999999,3.28
OFF-AR-10003856,Newell 344,7,2.0572,2.78
OFF-AR-10003876,"Avery Hi-Liter GlideStik Fluorescent Highlighter, Yellow Ink",7,1.8256,2.60799999999999
OFF-AR-10003896,"Stride Job 150 Highlighters, Chisel Tip, Assorted Colors",7,3.8272,5.98
OFF-AR-10003903,Sanford 52201 APSCO Electric Pencil Sharpener,7,30.3178,40.97
OFF-AR-10003958,Newell 337,7,2.3288,2.624
OFF-AR-10003986,Avery Hi-Liter Pen Style Six-Color Fluorescent Set,7,2.2715,3.85
OFF-AR-10004010,Hunt Boston Vacuum Mount KS Pencil Sharpener,7,25.8926,27.992
OFF-AR-10004022,Panasonic KP-380BK Classic Electric Pencil Sharpener,7,26.985,28.784
OFF-AR-10004027,"Binney & Smith inkTank Erasable Desk Highlighter, Chisel Tip, Yellow, 12/Box",7,1.4868,2.016
OFF-AR-10004042,"BOSTON Model 1800 Electric Pencil Sharpeners, Putty/Woodgrain",7,12.7658,14.384
OFF-AR-10004062,Staples in misc. colors,7,7.85999999999999,10.48
OFF-AR-10004078,Newell 312,7,4.088,4.672
OFF-AR-10004165,"Binney & Smith inkTank Erasable Pocket Highlighter, Chisel Tip, Yellow",7,1.2768,1.824
OFF-AR-10004260,Boston 1799 Powerhouse Electric Pencil Sharpener,7,18.7056,25.98
OFF-AR-10004269,Newell 31,7,2.9736,4.13
OFF-AR-10004272,Newell 308,7,1.26,1.68
OFF-AR-10004344,Bulldog Vacuum Base Pencil Sharpener,7,8.7527,11.99
OFF-AR-10004441,BIC Brite Liner Highlighters,7,2.4012,3.312
OFF-AR-10004456,Panasonic KP-4ABK Battery-Operated Pencil Sharpener,7,10.3944,14.64
OFF-AR-10004511,"Sanford Colorific Scented Colored Pencils, 12/Pack",7,2.9532,4.28
OFF-AR-10004582,BIC Brite Liner Grip Highlighters,7,0.902,1.64
OFF-AR-10004587,"Boston 1827 Commercial Additional Cutter, Drive Gear & Gear Rack for 1606",7,13.8809999999999,19.83
OFF-AR-10004602,Boston KS Multi-Size Manual Pencil Sharpener,7,16.5527999999999,22.99
OFF-AR-10004648,Boston 19500 Mighty Mite Electric Pencil Sharpener,7,14.7094999999999,20.15
OFF-AR-10004685,"Binney & Smith Crayola Metallic Colored Pencils, 8-Color Set",7,3.1021,3.704
OFF-AR-10004691,Boston 1730 StandUp Electric Pencil Sharpener,7,15.8212,21.38
OFF-AR-10004707,Staples in misc. colors,7,1.612,2.48
OFF-AR-10004752,Blackstonian Pencils,7,1.92239999999999,2.67
OFF-AR-10004757,Crayola Colored Pencils,7,2.1976,2.624
OFF-AR-10004790,Staples in misc. colors,7,8.9775,9.576
OFF-AR-10004817,Colorific Watercolor Pencils,7,3.6636,5.16
OFF-AR-10004930,Turquoise Lead Holder with Pocket Clip,7,4.489,6.7
OFF-AR-10004956,Newell 33,7,3.9618,4.464
OFF-AR-10004974,Newell 342,7,2.32879999999999,3.28
OFF-AR-10004999,Newell 315,7,4.485,5.97999999999999
OFF-BI-10000014,Heavy-Duty E-Z-D Binders,9,5.78229999999999,8.728
OFF-BI-10000042,"Pressboard Data Binder, Crimson, 12"" X 8 1/2""",9,2.8836,4.272
OFF-BI-10000050,"Angle-D Binders with Locking Rings, Label Holders",9,3.86899999999999,5.84
OFF-BI-10000069,"GBC Prepunched Paper, 19-Hole, for Binding Systems, 24-lb",9,8.1054,12.008
OFF-BI-10000088,GBC Imprintable Covers,9,5.5998,2.196
OFF-BI-10000136,Avery Non-Stick Heavy Duty View Round Locking Ring Binders,9,3.1096,5.98
OFF-BI-10000138,Acco Translucent Poly Ring Binders,9,2.43359999999999,3.74399999999999
OFF-BI-10000145,Zipper Ring Binder Pockets,9,1.5912,3.12
OFF-BI-10000174,"Wilson Jones Clip & Carry Folder Binder Tool for Ring Binders, Clear",9,3.01599999999999,4.64
OFF-BI-10000201,"Avery Triangle Shaped Sheet Lifters, Black, 2/Pack",9,1.23,0.492
OFF-BI-10000216,"Mead 1st Gear 2"" Zipper Binder, Asst. Colors",9,6.48499999999999,3.891
OFF-BI-10000279,"Acco Recycled 2"" Capacity Laser Printer Hanging Data Binders",9,7.6585,11.56
OFF-BI-10000285,XtraLife ClearVue Slant-D Ring Binders by Cardinal,9,3.92,1.568
OFF-BI-10000301,GBC Instant Report Kit,9,3.235,6.47
OFF-BI-10000309,"GBC Twin Loop Wire Binding Elements, 9/16"" Spine, Black",9,7.7622,3.044
OFF-BI-10000315,Poly Designer Cover & Back,9,9.87479999999999,5.697
OFF-BI-10000320,GBC Plastic Binding Combs,9,3.7638,5.904
OFF-BI-10000343,"Pressboard Covers with Storage Hooks, 9 1/2"" x 11"", Light Blue",9,2.6023,1.473
OFF-BI-10000404,Avery Printable Repositionable Plastic Tabs,9,4.558,6.88
OFF-BI-10000474,Avery Recycled Flexi-View Covers for Binding Systems,9,8.3356,4.809
OFF-BI-10000494,Acco Economy Flexible Poly Round Ring Binder,9,2.871,1.566
OFF-BI-10000545,GBC Ibimaster 500 Manual ProClick Binding System,9,380.49,228.294
OFF-BI-10000546,Avery Durable Binders,9,1.46879999999999,2.88
OFF-BI-10000591,Avery Binder Labels,9,2.0228,3.112
OFF-BI-10000605,"Acco Pressboard Covers with Storage Hooks, 9 1/2"" x 11"", Executive Red",9,2.0193,3.048
OFF-BI-10000632,Satellite Sectional Post Binders,9,23.4414,34.728
OFF-BI-10000666,Surelock Post Binders,9,15.28,30.56
OFF-BI-10000756,Storex DuraTech Recycled Plastic Frosted Binders,9,2.11999999999999,0.848
OFF-BI-10000773,Insertable Tab Post Binder Dividers,9,4.2506,2.406
OFF-BI-10000778,GBC VeloBinder Electric Binding Machine,9,60.49,36.294
OFF-BI-10000822,"Acco PRESSTEX Data Binder with Storage Hooks, Light Blue, 9 1/2"" X 11""",9,2.7976,4.304
OFF-BI-10000829,Avery Non-Stick Binders,9,2.4246,4.49
OFF-BI-10000831,Storex Flexible Poly Binders with Double Pockets,9,1.4256,0.791999999999999
OFF-BI-10000848,Angle-D Ring Binders,9,2.9538,1.641
OFF-BI-10000948,"GBC Laser Imprintable Binding System Covers, Desert Sand",9,7.5631,14.27
OFF-BI-10000962,"Acco Flexible ACCOHIDE Square Ring Data Binder, Dark Blue, 11 1/2"" X 14"" 7/8""",9,8.2977,13.016
OFF-BI-10000977,Ibico Plastic Spiral Binding Combs,9,16.416,30.4
OFF-BI-10001031,Pressboard Data Binders by Wilson Jones,9,2.8302,4.272
OFF-BI-10001036,Cardinal EasyOpen D-Ring Binders,9,4.57,9.14
OFF-BI-10001071,GBC ProClick Punch Binding System,9,32.6298,12.796
OFF-BI-10001072,"GBC Clear Cover, 8-1/2 x 11, unpunched, 25 covers per pack",9,8.18639999999999,15.1599999999999
OFF-BI-10001078,"Acco PRESSTEX Data Binder with Storage Hooks, Dark Blue, 14 7/8"" X 11""",9,2.7438,4.304
OFF-BI-10001097,Avery Hole Reinforcements,9,3.1773,4.984
OFF-BI-10001098,Acco D-Ring Binder w/DublLock,9,10.9037999999999,17.104
OFF-BI-10001107,"GBC White Gloss Covers, Plain Front",9,7.67439999999999,11.584
OFF-BI-10001116,"Wilson Jones 1"" Hanging DublLock Ring Binders",9,2.7456,4.224
OFF-BI-10001120,Ibico EPK-21 Electric Binding System,9,963.8949,1889.99
OFF-BI-10001132,"Acco PRESSTEX Data Binder with Storage Hooks, Dark Blue, 9 1/2"" X 11""",9,2.7438,5.38
OFF-BI-10001153,Ibico Recycled Grain-Textured Covers,9,17.27,10.362
OFF-BI-10001191,Canvas Sectional Post Binders,9,12.9845999999999,25.4599999999999
OFF-BI-10001196,"Avery Flip-Chart Easel Binder, Black",9,11.8614,22.38
OFF-BI-10001249,Avery Heavy-Duty EZD View Binder with Locking Rings,9,3.4452,1.276
OFF-BI-10001267,"Universal Recycled Hanging Pressboard Report Binders, Letter Size",9,3.2084,1.851
OFF-BI-10001294,Fellowes Binding Cases,9,6.435,9.36
OFF-BI-10001308,GBC Standard Plastic Binding Systems' Combs,9,3.454,5.024
OFF-BI-10001359,GBC DocuBind TL300 Electric Binding System,9,475.4047,896.99
OFF-BI-10001460,Plastic Binding Combs,9,8.02949999999999,12.12
OFF-BI-10001510,Deluxe Heavy-Duty Vinyl Round Ring Binder,9,12.606,4.584
OFF-BI-10001524,GBC Premium Transparent Covers with Diagonal Lined Pattern,9,10.9096,6.294
OFF-BI-10001525,"Acco Pressboard Covers with Storage Hooks, 14 7/8"" x 11"", Executive Red",9,2.0955,1.143
OFF-BI-10001543,GBC VeloBinder Manual Binding System,9,18.7148,35.99
OFF-BI-10001553,SpineVue Locking Slant-D Ring Binders by Cardinal,9,4.7528,2.742
OFF-BI-10001575,GBC Linen Binding Covers,9,16.1096,9.294
OFF-BI-10001597,"Wilson Jones Ledger-Size, Piano-Hinge Binder, 2"", Blue",9,21.3096,32.784
OFF-BI-10001617,GBC Wire Binding Combs,9,5.4802,2.068
OFF-BI-10001628,"Acco Data Flex Cable Posts For Top & Bottom Load Binders, 6"" Capacity",9,5.73649999999999,10.43
OFF-BI-10001634,Wilson Jones Active Use Binders,9,3.71279999999999,5.824
OFF-BI-10001636,Ibico Plastic and Wire Spiral Binding Combs,9,4.55219999999999,6.744
OFF-BI-10001658,GBC Standard Therm-A-Bind Covers,9,13.4568,7.476
OFF-BI-10001670,Vinyl Sectional Post Binders,9,18.85,11.31
OFF-BI-10001679,GBC Instant Index System for Binding Systems,9,4.43999999999999,2.664
OFF-BI-10001718,GBC DocuBind P50 Personal Binding Machine,9,33.9094,63.98
OFF-BI-10001721,Trimflex Flexible Post Binders,9,11.1176,17.104
OFF-BI-10001757,Pressboard Hanging Data Binders for Unburst Sheets,9,2.5584,1.476
OFF-BI-10001758,Wilson Jones 14 Line Acrylic Coated Pressboard Data Binders,9,2.8302,5.34
OFF-BI-10001759,"Acco Pressboard Covers with Storage Hooks, 14 7/8"" x 11"", Dark Blue",9,1.9431,3.048
OFF-BI-10001765,Wilson Jones Heavy-Duty Casebound Ring Binders with Metal Hinges,9,18.0128,27.712
OFF-BI-10001787,Wilson Jones Four-Pocket Poly Binders,9,3.3354,5.232
OFF-BI-10001890,Avery Poly Binder Pockets,9,1.8616,3.58
OFF-BI-10001900,"DXL Angle-View Binders with Locking Rings, Black",9,3.1747,4.792
OFF-BI-10001922,Storex Dura Pro Binders,9,3.1482,4.752
OFF-BI-10001982,Wilson Jones Custom Binder Spines & Labels,9,2.7744,1.632
OFF-BI-10001989,Premium Transparent Presentation Covers by GBC,9,10.9096,6.294
OFF-BI-10002003,Ibico Presentation Index for Binding Systems,9,2.1094,0.796
OFF-BI-10002012,Wilson Jones Easy Flow II Sheet Lifters,9,0.936,0.54
OFF-BI-10002026,Avery Arch Ring Binders,9,30.793,17.43
OFF-BI-10002049,UniKeep View Case Binders,9,2.64059999999999,1.46699999999999
OFF-BI-10002071,Fellowes Black Plastic Comb Bindings,9,3.1374,4.648
OFF-BI-10002072,Cardinal Slant-D Ring Binders,9,4.345,8.69
OFF-BI-10002082,GBC Twin Loop Wire Binding Elements,9,16.64,9.984
OFF-BI-10002103,"Cardinal Slant-D Ring Binder, Heavy Gauge Vinyl",9,4.6926,1.738
OFF-BI-10002133,"Wilson Jones Elliptical Ring 3 1/2"" Capacity Binders, 800 sheets",9,21.828,8.56
OFF-BI-10002160,Acco Hanging Data Binders,9,1.9812,3.048
OFF-BI-10002194,Cardinal Hold-It CD Pocket,9,4.2294,1.596
OFF-BI-10002215,"Wilson Jones Hanging View Binder, White, 1""",9,3.83399999999999,5.68
OFF-BI-10002225,"Square Ring Data Binders, Rigid 75 Pt. Covers, 11"" x 14-7/8""",9,10.7328,16.512
OFF-BI-10002309,Avery Heavy-Duty EZD  Binder With Locking Rings,9,2.90159999999999,5.57999999999999
OFF-BI-10002353,GBC VeloBind Cover Sets,9,7.72,4.632
OFF-BI-10002393,Binder Posts,9,3.0996,5.73999999999999
OFF-BI-10002412,Wilson Jones “Snap” Scratch Pad Binder Tool for Ring Binders,9,3.19,5.8
OFF-BI-10002414,GBC ProClick Spines for 32-Hole Punch,9,6.6409,3.759
OFF-BI-10002429,"Premier Elliptical Ring Binder, Black",9,15.8288,6.088
OFF-BI-10002432,Wilson Jones Standard D-Ring Binders,9,2.6818,1.518
OFF-BI-10002437,Recycled Premium Regency Composition Covers,9,7.7928,12.224
OFF-BI-10002498,Clear Mylar Reinforcing Strips,9,9.9057,14.952
OFF-BI-10002557,Presstex Flexible Ring Binders,9,2.275,3.64
OFF-BI-10002571,"Avery Framed View Binder, EZD Ring (Locking), Navy, 1 1/2""",9,5.2894,7.984
OFF-BI-10002609,Avery Hidden Tab Dividers for Binding Systems,9,1.6092,0.596
OFF-BI-10002706,Avery Premier Heavy-Duty Binder with Round Locking Rings,9,7.71119999999999,14.28
OFF-BI-10002735,GBC Prestige Therm-A-Bind Covers,9,18.1843,34.31
OFF-BI-10002764,Recycled Pressboard Report Cover with Reinforced Top Hinge,9,1.6473,0.969
OFF-BI-10002794,"Avery Trapezoid Ring Binder, 3"" Capacity, Black, 1040 sheets",9,20.8998,12.2939999999999
OFF-BI-10002799,"SlimView Poly Binder, 3/8""",9,2.7972,4.144
OFF-BI-10002813,Avery Reinforcements for Hole-Punch Pages,9,1.089,0.395999999999999
OFF-BI-10002824,Recycled Easel Ring Binders,9,8.206,11.936
OFF-BI-10002827,Avery Durable Poly Binders,9,2.9862,1.659
OFF-BI-10002852,Ibico Standard Transparent Covers,9,8.4048,16.48
OFF-BI-10002854,"Performers Binder/Pad Holder, Black",9,14.015,5.606
OFF-BI-10002867,GBC Recycled Regency Composition Covers,9,32.2812,47.824
OFF-BI-10002897,"Black Avery Memo-Size 3-Ring Binder, 5 1/2"" x 8 1/2""",9,1.8717,2.936
OFF-BI-10002931,"Avery Trapezoid Extra Heavy Duty 4"" Binders",9,20.97,33.552
OFF-BI-10002949,Prestige Round Ring Binders,9,3.2224,1.824
OFF-BI-10002954,Newell 3-Hole Punched Plastic Slotted Magazine Holders for Binders,9,2.3764,4.57
OFF-BI-10002976,ACCOHIDE Binder by Acco,9,2.1889,3.304
OFF-BI-10002982,Avery Self-Adhesive Photo Pockets for Polaroid Photos,9,3.5412,5.448
OFF-BI-10003007,"Premium Transparent Presentation Covers, No Pattern/Clear, 8 1/2"" x 11""",9,20.9412,31.024
OFF-BI-10003091,GBC DocuBind TL200 Manual Binding Machine,9,118.7094,179.184
OFF-BI-10003094,Self-Adhesive Ring Binder Labels,9,1.8656,1.056
OFF-BI-10003166,GBC Plasticlear Binding Covers,9,5.9696,3.444
OFF-BI-10003196,Accohide Poly Flexible Ring Binders,9,1.87,1.122
OFF-BI-10003274,"Avery Durable Slant Ring Binders, No Labels",9,2.1094,1.194
OFF-BI-10003291,Wilson Jones Leather-Like Binders with DublLock Round Rings,9,4.6269,8.73
OFF-BI-10003305,Avery Hanging File Binders,9,3.2292,4.784
OFF-BI-10003314,Tuff Stuff Recycled Round Ring Binders,9,2.45819999999999,3.856
OFF-BI-10003350,Acco Expandable Hanging Binders,9,3.4452,6.38
OFF-BI-10003355,Cardinal Holdit Business Card Pockets,9,2.5896,3.984
OFF-BI-10003364,Binding Machine Supplies,9,15.1683999999999,23.336
OFF-BI-10003429,"Cardinal HOLDit! Binder Insert Strips,Extra Strips",9,3.2283,5.064
OFF-BI-10003460,Acco 3-Hole Punch,9,2.2776,3.504
OFF-BI-10003476,Avery Metallic Poly Binders,9,2.9796,5.73
OFF-BI-10003527,Fellowes PB500 Electric Punch Plastic Comb Binding Machine with Manual Bind,9,635.495,1270.99
OFF-BI-10003529,Avery Round Ring Poly Binders,9,1.4484,2.272
OFF-BI-10003638,GBC Durable Plastic Covers,9,10.449,19.3499999999999
OFF-BI-10003650,GBC DocuBind 300 Electric Binding Machine,9,273.5096,157.794
OFF-BI-10003655,Durable Pressboard Binders,9,2.014,3.8
OFF-BI-10003656,Fellowes PB200 Plastic Comb Binding Machine,9,91.7946,135.992
OFF-BI-10003669,3M Organizer Strips,9,2.808,4.32
OFF-BI-10003676,"GBC Standard Recycled Report Covers, Clear Plastic Sheets",9,5.6056,2.15599999999999
OFF-BI-10003684,Wilson Jones Legal Size Ring Binders,9,10.995,17.592
OFF-BI-10003694,"Avery 3 1/2"" Diskette Storage Pages, 10/Pack",9,5.6376,8.352
OFF-BI-10003707,Aluminum Screw Posts,9,7.63,12.208
OFF-BI-10003708,"Acco Four Pocket Poly Ring Binder with Label Holder, Smoke, 1""",9,4.0975,5.96
OFF-BI-10003712,"Acco Pressboard Covers with Storage Hooks, 14 7/8"" x 11"", Light Blue",9,2.5041,1.473
OFF-BI-10003718,GBC Therma-A-Bind 250T Electric Binding System,9,63.9548,98.392
OFF-BI-10003719,Large Capacity Hanging Post Binders,9,13.4729999999999,7.48499999999999
OFF-BI-10003727,Avery Durable Slant Ring Binders With Label Holder,9,2.17359999999999,1.254
OFF-BI-10003784,Computer Printout Index Tabs,9,0.873599999999999,0.336
OFF-BI-10003876,"Green Canvas Binder for 8-1/2"" x 14"" Sheets",9,21.4,42.8
OFF-BI-10003910,DXL Angle-View Binders with Locking Rings by Samsill,9,4.2405,6.168
OFF-BI-10003925,Fellowes PB300 Plastic Comb Binding Machine,9,205.634699999999,387.989999999999
OFF-BI-10003963,Cardinal Holdit Data Disk Pockets,9,3.8584,5.824
OFF-BI-10003981,"Avery Durable Plastic 1"" Binders",9,2.3154,4.54
OFF-BI-10003982,Wilson Jones Century Plastic Molded Ring Binders,9,11.0080999999999,4.154
OFF-BI-10003984,Lock-Up Easel 'Spel-Binder',9,15.1208999999999,22.8239999999999
OFF-BI-10004001,GBC Recycled VeloBinder Covers,9,9.2016,5.112
OFF-BI-10004002,Wilson Jones International Size A4 Ring Binders,9,8.99599999999999,13.84
OFF-BI-10004022,Acco Suede Grain Vinyl Round Ring Binder,9,1.5012,0.556
OFF-BI-10004040,Wilson Jones Impact Binders,9,2.6418,1.036
OFF-BI-10004094,GBC Standard Plastic Binding Systems Combs,9,4.5135,1.77
OFF-BI-10004099,GBC VeloBinder Strips,9,3.84,7.68
OFF-BI-10004139,Fellowes Presentation Covers for Comb Binding Machines,9,8.0025,2.91
OFF-BI-10004140,Avery Non-Stick Binders,9,2.4695,3.592
OFF-BI-10004141,Insertable Tab Indexes For Data Binders,9,1.7172,0.636
OFF-BI-10004182,Economy Binders,9,1.0608,0.416
OFF-BI-10004187,3-ring staple pack,9,0.977599999999999,1.88
OFF-BI-10004209,"Fellowes Twister Kit, Gray/Clear, 3/pkg",9,4.422,6.43199999999999
OFF-BI-10004224,Catalog Binders with Expanding Posts,9,37.004,20.184
OFF-BI-10004230,GBC Recycled Grain Textured Covers,9,17.9608,10.362
OFF-BI-10004233,"GBC Pre-Punched Binding Paper, Plastic, White, 8-1/2"" x 11""",9,8.3148,12.792
OFF-BI-10004236,"XtraLife ClearVue Slant-D Ring Binder, White, 3""",9,7.9272,4.404
OFF-BI-10004308,Avery Legal 4-Ring Binder,9,10.4899999999999,6.294
OFF-BI-10004318,Ibico EB-19 Dual Function Manual Binding System,9,93.4146,172.99
OFF-BI-10004330,"GBC Velobind Prepunched Cover Sets, Regency Series",9,20.339,11.094
OFF-BI-10004352,Wilson Jones DublLock D-Ring Binders,9,3.375,2.025
OFF-BI-10004364,Storex Dura Pro Binders,9,3.267,5.93999999999999
OFF-BI-10004390,GBC DocuBind 200 Manual Binding Machine,9,210.49,126.294
OFF-BI-10004410,"C-Line Peel & Stick Add-On Filing Pockets, 8-3/4 x 5-1/8, 10/Pack",9,3.37609999999999,6.37
OFF-BI-10004465,Avery Durable Slant Ring Binders,9,3.96,2.376
OFF-BI-10004492,Tuf-Vin Binders,9,16.7374,25.264
OFF-BI-10004506,Wilson Jones data.warehouse D-Ring Binders with DublLock,9,4.27959999999999,6.584
OFF-BI-10004519,GBC DocuBind P100 Manual Binding Machine,9,91.2889999999999,132.784
OFF-BI-10004528,Cardinal Poly Pocket Divider Pockets for Ring Binders,9,1.848,2.688
OFF-BI-10004584,GBC ProClick 150 Presentation Binding System,9,167.4694,94.794
OFF-BI-10004593,Ibico Laser Imprintable Binding System Covers,9,28.296,15.7199999999999
OFF-BI-10004600,Ibico Ibimaster 300 Manual Binding System,9,202.3945,367.99
OFF-BI-10004632,Ibico Hi-Tech Manual Binding System,9,167.7445,60.998
OFF-BI-10004654,Avery Binding System Hidden Tab Executive Style Index Sets,9,2.885,4.616
OFF-BI-10004656,Peel & Stick Add-On Corner Pockets,9,1.1232,1.728
OFF-BI-10004716,Wilson Jones Hanging Recycled Pressboard Data Binders,9,7.7168,4.452
OFF-BI-10004728,Wilson Jones Turn Tabs Binder Tool for Ring Binders,9,2.6028,3.856
OFF-BI-10004738,Flexible Leather- Look Classic Collection Ring Binder,9,9.47,5.682
OFF-BI-10004781,GBC Wire Binding Strips,9,16.5048,25.392
OFF-BI-10004817,GBC Personal VeloBind Strips,9,6.2296,9.584
OFF-BI-10004826,JM Magazine Binder,9,8.5852,4.953
OFF-BI-10004828,GBC Poly Designer Binding Covers,9,8.5374,13.392
OFF-BI-10004876,Wilson Jones Suede Grain Vinyl Binders,9,1.4178,0.834
OFF-BI-10004965,Ibico Covers for Plastic or Wire Binding Elements,9,6.325,11.5
OFF-BI-10004967,Round Ring Binders,9,1.1024,0.416
OFF-BI-10004970,"ACCOHIDE 3-Ring Binder, Blue, 1""",9,2.1889,3.304
OFF-BI-10004995,GBC DocuBind P400 Electric Binding System,9,734.934599999999,1088.792
OFF-EN-10000056,Cameo Buff Policy Envelopes,13,32.9819,62.23
OFF-EN-10000461,"#10- 4 1/8"" x 9 1/2"" Recycled Envelopes",13,4.6322,6.992
OFF-EN-10000483,"White Envelopes, White Envelopes with Clear Poly Window",13,8.235,15.25
OFF-EN-10000781,"#10- 4 1/8"" x 9 1/2"" Recycled Envelopes",13,4.6322,8.74
OFF-EN-10000927,Jet-Pak Recycled Peel 'N' Seal Padded Mailers,13,19.7395,28.712
OFF-EN-10001028,Staple envelope,13,6.4692,9.584
OFF-EN-10001099,Staple envelope,13,5.2812,7.824
OFF-EN-10001137,"#10 Gummed Flap White Envelopes, 100/Box",13,2.2302,4.13
OFF-EN-10001141,"Manila Recycled Extra-Heavyweight Clasp Envelopes, 6"" x 9""",13,5.5998,8.784
OFF-EN-10001219,"#10- 4 1/8"" x 9 1/2"" Security-Tint Envelopes",13,3.8964,6.112
OFF-EN-10001335,"White Business Envelopes with Contemporary Seam, Recycled White Business Envelopes",13,5.47,8.752
OFF-EN-10001415,Staple envelope,13,2.79,4.464
OFF-EN-10001434,"Strathmore #10 Envelopes, Ultimate White",13,26.8821,52.71
OFF-EN-10001453,"Tyvek Interoffice Envelopes, 9 1/2"" x 12 1/2"", 100/Box",13,32.3193999999999,60.98
OFF-EN-10001509,Poly String Tie Envelopes,13,1.0812,1.632
OFF-EN-10001532,Brown Kraft Recycled Envelopes,13,8.49,16.98
OFF-EN-10001535,Grip Seal Envelopes,13,2.3426,3.536
OFF-EN-10001539,Staple envelope,13,4.1234,7.78
OFF-EN-10001749,Jiffy Padded Mailers with Self-Seal Closure,13,9.5013,14.904
OFF-EN-10001990,Staple envelope,13,3.01039999999999,5.68
OFF-EN-10002230,Airmail Envelopes,13,44.4829,67.144
OFF-EN-10002312,#10 Self-Seal White Envelopes,13,5.6559,11.09
OFF-EN-10002500,Globe Weis Peel & Seel First Class Envelopes,13,7.029,12.78
OFF-EN-10002504,"Tyvek  Top-Opening Peel & Seel Envelopes, Plain White",13,14.4054,21.744
OFF-EN-10002592,"Peel & Seel Recycled Catalog Envelopes, Brown",13,5.79,11.58
OFF-EN-10002600,"Redi-Strip #10 Envelopes, 4 1/8 x 9 1/2",13,1.53399999999999,2.36
OFF-EN-10002621,Staple envelope,13,4.89,9.78
OFF-EN-10002831,"Tyvek  Top-Opening Peel & Seel  Envelopes, Gray",13,19.767,35.94
OFF-EN-10002973,Ampad #10 Peel & Seel Holiday Envelopes,13,2.32959999999999,4.47999999999999
OFF-EN-10002986,"#10-4 1/8"" x 9 1/2"" Premium Diagonal Seam Envelopes",13,8.657,12.592
OFF-EN-10003001,Ames Color-File Green Diamond Border X-ray Mailers,13,44.5094,83.98
OFF-EN-10003040,Quality Park Security Envelopes,13,13.8701,20.936
OFF-EN-10003055,"Blue String-Tie & Button Interoffice Envelopes, 10 x 13",13,21.9889999999999,39.98
OFF-EN-10003068,#6 3/4 Gummed Flap White Envelopes,13,5.148,7.92
OFF-EN-10003072,Peel & Seel Envelopes,13,2.0176,3.104
OFF-EN-10003134,Staple envelope,13,5.84,9.344
OFF-EN-10003160,Pastel Pink Envelopes,13,3.7856,7.28
OFF-EN-10003286,Staple envelope,13,4.3884,8.28
OFF-EN-10003296,Tyvek Side-Opening Peel & Seel Expanding Envelopes,13,49.764,90.48
OFF-EN-10003448,"Peel & Seel Recycled Catalog Envelopes, Brown",13,5.79,11.58
OFF-EN-10003567,"Inter-Office Recycled Envelopes, Brown Kraft, Button-String,10"" x 13"" , 100/Box",13,11.6494,21.98
OFF-EN-10003798,"Recycled Interoffice Envelopes with Re-Use-A-Seal Closure, 10 x 13",13,9.0471,13.656
OFF-EN-10003845,Colored Envelopes,13,1.9926,3.69
OFF-EN-10003862,Laser & Ink Jet Business Envelopes,13,5.7618,10.67
OFF-EN-10004007,Park Ridge Embossed Executive Business Envelopes,13,8.2521,15.57
OFF-EN-10004030,Convenience Packs of Business Envelopes,13,1.91859999999999,3.61999999999999
OFF-EN-10004147,Wausau Papers Astrobrights Colored Envelopes,13,3.0498,4.784
OFF-EN-10004206,Multimedia Mailers,13,87.9822,162.93
OFF-EN-10004386,"Recycled Interoffice Envelopes with String and Button Closure, 10 x 13",13,11.995,19.192
OFF-EN-10004459,Security-Tint Envelopes,13,3.8964,7.64
OFF-EN-10004483,"#10 White Business Envelopes,4 1/8 x 9 1/2",13,8.30509999999999,12.536
OFF-EN-10004773,Staple envelope,13,15.7998,24.784
OFF-EN-10004846,Letter or Legal Size Expandable Poly String Tie Envelopes,13,1.3566,2.128
OFF-EN-10004955,Fashion Color Clasp Envelopes,13,2.75909999999999,5.41
OFF-FA-10000053,Revere Boxed Rubber Bands by Revere,14,1.85219999999999,1.89
OFF-FA-10000089,Acco Glide Clips,14,1.9992,3.92
OFF-FA-10000134,"Advantus Push Pins, Aluminum Head",14,4.0089,5.81
OFF-FA-10000254,Sterling Rubber Bands by Alliance,14,4.71,3.768
OFF-FA-10000304,Advantus Push Pins,14,1.28619999999999,2.18
OFF-FA-10000490,"OIC Binder Clips, Mini, 1/4"" Capacity, Black",14,0.6572,1.24
OFF-FA-10000585,OIC Bulk Pack Metal Binder Clips,14,1.88459999999999,2.792
OFF-FA-10000611,Binder Clips by OIC,14,0.7696,1.48
OFF-FA-10000621,"OIC Colored Binder Clips, Assorted Sizes",14,1.82579999999999,2.864
OFF-FA-10000624,OIC Binder Clips,14,1.79,3.58
OFF-FA-10000735,Staples,14,1.60599999999999,2.92
OFF-FA-10000840,OIC Thumb-Tacks,14,0.6042,0.912
OFF-FA-10000936,Acco Hot Clips Clips to Go,14,1.8095,2.632
OFF-FA-10000992,"Acco Clips to Go Binder Clips, 24 Clips in Two Sizes",14,1.8815,3.55
OFF-FA-10001135,"Brites Rubber Bands, 1 1/2 oz. Box",14,1.9404,1.584
OFF-FA-10001229,Staples,14,2.1222,3.93
OFF-FA-10001332,"Acco Banker's Clasps, 5 3/4""-Long",14,1.5264,2.304
OFF-FA-10001561,Stockwell Push Pins,14,1.4606,2.18
OFF-FA-10001754,Stockwell Gold Paper Clips,14,0.9384,1.472
OFF-FA-10001843,Staples,14,1.3091,2.46999999999999
OFF-FA-10001883,"Alliance Super-Size Bands, Assorted Sizes",14,7.7022,7.78
OFF-FA-10002280,Advantus Plastic Paper Clips,14,2.6,5.0
OFF-FA-10002676,Colored Push Pins,14,1.1584,1.448
OFF-FA-10002701,Alliance Rubber Bands,14,1.6128,1.68
OFF-FA-10002763,Advantus Map Pennant Flags and Round Head Tacks,14,2.686,3.95
OFF-FA-10002780,Staples,14,1.6092,2.384
OFF-FA-10002815,Staples,14,2.3532,4.43999999999999
OFF-FA-10002975,Staples,14,2.0412,3.78
OFF-FA-10002983,Advantus SlideClip Paper Clips,14,1.77319999999999,2.728
OFF-FA-10002988,Ideal Clamps,14,1.02509999999999,2.01
OFF-FA-10003021,Staples,14,1.222,1.88
OFF-FA-10003059,Assorted Color Push Pins,14,1.2127,1.448
OFF-FA-10003112,Staples,14,4.33949999999999,6.31199999999999
OFF-FA-10003467,"Alliance Big Bands Rubber Bands, 12/Pack",14,1.98,1.98
OFF-FA-10003472,Bagged Rubber Bands,14,1.2096,1.26
OFF-FA-10003485,Staples,14,1.4148,2.096
OFF-FA-10003495,Staples,14,3.04,4.864
OFF-FA-10004076,Translucent Push Pins by OIC,14,1.24739999999999,1.98
OFF-FA-10004248,Advantus T-Pin Paper Clips,14,2.75109999999999,3.608
OFF-FA-10004395,Plymouth Boxed Rubber Bands by Plymouth,14,4.4745,3.768
OFF-FA-10004838,"Super Bands, 12/Pack",14,1.8042,1.488
OFF-FA-10004854,"Vinyl Coated Wire Paper Clips in Organizer Box, 800/Box",14,6.0844,9.184
OFF-FA-10004968,Rubber Band Ball,14,3.6652,3.73999999999999
OFF-LA-10000081,Avery 496,3,1.95,3.75
OFF-LA-10000121,Avery 48,3,3.40199999999999,5.04
OFF-LA-10000134,Avery 511,3,1.6016,3.08
OFF-LA-10000240,Self-Adhesive Address Labels for Typewriters by Universal,3,3.87429999999999,7.31
OFF-LA-10000248,Avery 52,3,1.95569999999999,3.69
OFF-LA-10000262,Avery 494,3,1.4094,2.61
OFF-LA-10000305,Avery 495,3,3.40199999999999,6.3
OFF-LA-10000407,Avery White Multi-Purpose Labels,3,2.6892,4.98
OFF-LA-10000414,Avery 503,3,5.382,10.35
OFF-LA-10000443,Avery 501,3,1.9557,3.69
OFF-LA-10000452,Avery 488,3,1.638,3.15
OFF-LA-10000476,"Avery 05222 Permanent Self-Adhesive File Folder Labels for Typewriters, on Rolls, White, 250/Roll",3,2.2302,4.13
OFF-LA-10000634,Avery 509,3,1.4094,2.088
OFF-LA-10000973,Avery 502,3,1.638,2.52
OFF-LA-10001045,Permanent Self-Adhesive File Folder Labels for Typewriters by Universal,3,1.4094,2.088
OFF-LA-10001074,Round Specialty Laser Printer Labels,3,6.64089999999999,10.024
OFF-LA-10001158,"Avery Address/Shipping Labels for Typewriters, 4"" x 2""",3,5.382,10.35
OFF-LA-10001175,Avery 514,3,1.4688,2.88
OFF-LA-10001297,Avery 473,3,5.382,10.35
OFF-LA-10001317,Avery 520,3,1.638,3.15
OFF-LA-10001404,Avery 517,3,1.9557,3.69
OFF-LA-10001474,Avery 477,3,16.4862,30.53
OFF-LA-10001569,Avery 499,3,2.6892,4.98
OFF-LA-10001613,Avery File Folder Labels,3,1.46879999999999,2.304
OFF-LA-10001641,Avery 518,3,1.638,3.15
OFF-LA-10001771,Avery 513,3,2.6892,4.98
OFF-LA-10001934,Avery 516,3,3.87429999999999,7.31
OFF-LA-10001982,Smead Alpha-Z Color-Coded Name Labels First Letter Starter Set,3,1.95,3.75
OFF-LA-10002034,Avery 478,3,2.5041,4.91
OFF-LA-10002043,Avery 489,3,5.382,8.28
OFF-LA-10002195,Avery 481,3,1.60159999999999,3.07999999999999
OFF-LA-10002271,Smead Alpha-Z Color-Coded Second Alphabetical Labels and Starter Set,3,1.60159999999999,3.07999999999999
OFF-LA-10002312,Avery 490,3,7.39999999999999,11.84
OFF-LA-10002368,Avery 479,3,1.4094,2.61
OFF-LA-10002381,Avery 497,3,1.60159999999999,3.07999999999999
OFF-LA-10002473,Avery 484,3,1.46879999999999,2.304
OFF-LA-10002475,Avery 519,3,3.87429999999999,7.31
OFF-LA-10002762,Avery 485,3,6.6409,12.53
OFF-LA-10002787,Avery 480,3,1.95,3.75
OFF-LA-10002945,"Permanent Self-Adhesive File Folder Labels for Typewriters, 1 1/8 x 3 1/2, White",3,3.40199999999999,5.04
OFF-LA-10003077,Avery 500,3,3.8743,7.31
OFF-LA-10003121,Avery 506,3,2.2302,4.13
OFF-LA-10003148,Avery 51,3,3.402,5.04
OFF-LA-10003190,Avery 474,3,1.46879999999999,2.304
OFF-LA-10003223,Avery 508,3,2.5041,3.928
OFF-LA-10003388,Avery 5,3,1.46879999999999,2.88
OFF-LA-10003498,Avery 475,3,7.39999999999999,14.7999999999999
OFF-LA-10003510,"Avery 4027 File Folder Labels for Dot Matrix Printers, 5000 Labels per Box, White",3,16.4862,24.424
OFF-LA-10003537,Avery 515,3,6.64089999999999,12.53
OFF-LA-10003663,Avery 498,3,1.5317,2.89
OFF-LA-10003714,Avery 510,3,1.95,3.0
OFF-LA-10003720,Avery 487,3,1.9557,3.69
OFF-LA-10003766,Self-Adhesive Removable Labels,3,1.638,3.15
OFF-LA-10003923,Alphabetical Labels for Top Tab Filing,3,7.4,14.8
OFF-LA-10003930,"Dot Matrix Printer Tape Reel Labels, White, 5000/Box",3,50.1381,98.31
OFF-LA-10004008,Avery 507,3,1.5552,2.88
OFF-LA-10004055,Color-Coded Legal Exhibit Labels,3,2.5041,4.91
OFF-LA-10004093,Avery 486,3,3.87429999999999,7.31
OFF-LA-10004178,Avery 491,3,2.2302,3.304
OFF-LA-10004272,Avery 482,3,1.5317,2.89
OFF-LA-10004345,Avery 493,3,2.5041,3.928
OFF-LA-10004409,Avery 492,3,1.5552,2.304
OFF-LA-10004425,Staple-on labels,3,1.5317,2.89
OFF-LA-10004484,Avery 476,3,2.2302,4.13
OFF-LA-10004544,Avery 505,3,7.39999999999999,11.84
OFF-LA-10004545,Avery 50,3,6.64089999999999,12.53
OFF-LA-10004559,Avery 49,3,1.4688,2.88
OFF-LA-10004677,Self-Adhesive Address Labels for Typewriters with Dispenser Box,3,1.9557,2.952
OFF-LA-10004689,Avery 512,3,1.53169999999999,2.312
OFF-LA-10004853,Avery 483,3,2.6892,3.984
OFF-PA-10000007,"Telephone Message Books with Fax/Mobile Section, 4 1/4"" x 6""",11,1.944,2.88
OFF-PA-10000019,Xerox 1931,11,3.3696,6.48
OFF-PA-10000029,Xerox 224,11,3.3696,6.48
OFF-PA-10000048,Xerox 20,11,3.3696,6.48
OFF-PA-10000061,Xerox 205,11,3.3696,6.48
OFF-PA-10000062,Green Bar Computer Printout Paper,11,28.0296,54.96
OFF-PA-10000069,"TOPS 4 x 6 Fluorescent Color Memo Sheets, 500 Sheets per Pack",11,5.0297,9.49
OFF-PA-10000100,Xerox 1945,11,20.9049,40.99
OFF-PA-10000130,Xerox 199,11,2.354,3.424
OFF-PA-10000141,"Ampad Evidence Wirebond Steno Books, 6"" x 9""",11,1.1554,2.18
OFF-PA-10000143,Astroparche Fine Business Paper,11,2.7456,5.28
OFF-PA-10000157,Xerox 191,11,10.5894,19.98
OFF-PA-10000167,Xerox 1925,11,17.039,24.784
OFF-PA-10000174,"Message Book, Wirebound, Four 5 1/2"" X 4"" Forms/Pg., 200 Dupl. Sets/Book",11,5.4484,8.224
OFF-PA-10000176,Xerox 1887,11,9.8644,18.97
OFF-PA-10000210,Xerox Blank Computer Paper,11,10.5894,19.98
OFF-PA-10000213,Xerox 198,11,2.6394,3.984
OFF-PA-10000223,Xerox 2000,11,3.3696,6.48
OFF-PA-10000232,Xerox 1975,11,3.3048,5.184
OFF-PA-10000241,"IBM Multi-Purpose Copy Paper, 8 1/2 x 11"", Case",11,17.0389999999999,24.784
OFF-PA-10000246,Riverleaf Stik-Withit Designer Note Cubes,11,5.43239999999999,8.048
OFF-PA-10000249,Easy-staple paper,11,6.5084,9.824
OFF-PA-10000289,Xerox 213,11,3.3696,6.48
OFF-PA-10000295,Xerox 229,11,3.3696,6.48
OFF-PA-10000300,Xerox 1936,11,10.5894,15.984
OFF-PA-10000304,Xerox 1995,11,3.3696,6.48
OFF-PA-10000308,Xerox 1901,11,2.904,4.224
OFF-PA-10000312,Xerox 1955,11,12.3336,18.272
OFF-PA-10000327,Xerox 1971,11,2.354,4.28
OFF-PA-10000349,Easy-staple paper,11,2.6394,4.98
OFF-PA-10000350,"Message Book, Standard Line ""While You Were Out"", 5 1/2"" X 4"", 200 Sets/Book",11,4.5368,8.56
OFF-PA-10000357,"White Dual Perf Computer Printout Paper, 2700 Sheets, 1 Part, Heavyweight, 20 lbs., 14 7/8 x 11",11,20.9049,32.792
OFF-PA-10000380,"REDIFORM Incoming/Outgoing Call Register, 11"" X 8 1/2"", 100 Messages",11,4.17,8.34
OFF-PA-10000418,Xerox 189,11,54.522,83.88
OFF-PA-10000466,"Memo Book, 100 Message Capacity, 5 3/8” x 11”",11,3.37,6.74
OFF-PA-10000474,Easy-staple paper,11,18.7832,28.3519999999999
OFF-PA-10000477,Xerox 1952,11,2.63939999999999,4.97999999999999
OFF-PA-10000482,"Snap-A-Way Black Print Carbonless Ruled Speed Letter, Triplicate",11,20.1081999999999,37.94
OFF-PA-10000483,Xerox 19,11,17.039,30.98
OFF-PA-10000501,Petty Cash Envelope,11,13.7496,21.568
OFF-PA-10000520,Xerox 201,11,3.3696,6.48
OFF-PA-10000528,Xerox 1981,11,2.90399999999999,5.27999999999999
OFF-PA-10000533,Southworth Parchment Paper & Envelopes,11,3.5316,6.54
OFF-PA-10000551,Array Memo Cubes,11,2.6418,4.144
OFF-PA-10000552,Xerox 200,11,3.3696,6.48
OFF-PA-10000556,Xerox 208,11,3.36959999999999,5.184
OFF-PA-10000565,Easy-staple paper,11,28.5497999999999,55.98
OFF-PA-10000575,"Wirebound Message Books, Four 2 3/4 x 5 White Forms per Page",11,3.6126,6.69
OFF-PA-10000587,"Array Parchment Paper, Assorted Colors",11,3.7856,7.28
OFF-PA-10000595,Xerox 1929,11,12.3335999999999,18.272
OFF-PA-10000605,Xerox 1950,11,2.9478,5.77999999999999
OFF-PA-10000659,"Adams Phone Message Book, Professional, 400 Message Capacity, 5 3/6” x 11”",11,3.6994,6.98
OFF-PA-10000673,"Post-it “Important Message” Note Pad, Neon Colors, 50 Sheets/Pad",11,3.78559999999999,5.824
OFF-PA-10000675,Xerox 1919,11,20.9049,40.99
OFF-PA-10000682,Xerox 1924,11,2.9478,5.78
OFF-PA-10000697,"TOPS Voice Message Log Book, Flash Format",11,2.4276,4.76
OFF-PA-10000726,"Black Print Carbonless Snap-Off Rapid Letter, 8 1/2"" x 7""",11,5.01049999999999,9.11
OFF-PA-10000740,Xerox 1982,11,12.3336,22.84
OFF-PA-10000743,Xerox 1977,11,3.4736,6.68
OFF-PA-10000788,Xerox 210,11,3.36959999999999,5.184
OFF-PA-10000791,"Wirebound Message Books, Four 2 3/4 x 5 Forms per Page, 200 Sets per Book",11,2.6235,4.77
OFF-PA-10000806,Xerox 1934,11,28.5497999999999,55.98
OFF-PA-10000807,"TOPS ""Important Message"" Pads, Canary, 4-1/4 x 5-1/2, 50 Sheets per Pad",11,2.26839999999999,4.27999999999999
OFF-PA-10000809,Xerox 206,11,3.3696,5.184
OFF-PA-10000859,Unpadded Memo Slips,11,1.99,3.184
OFF-PA-10000919,Xerox 1918,11,19.7675999999999,38.76
OFF-PA-10000955,Southworth 25% Cotton Granite Paper & Envelopes,11,3.53159999999999,5.232
OFF-PA-10000994,Xerox 1915,11,54.5219999999999,83.88
OFF-PA-10001001,"Snap-A-Way Black Print Carbonless Speed Message, No Reply Area, Duplicate",11,15.4442,23.312
OFF-PA-10001019,Xerox 1884,11,10.5894,19.98
OFF-PA-10001033,Xerox 1893,11,20.9049,32.792
OFF-PA-10001125,Xerox 1988,11,17.039,24.784
OFF-PA-10001144,Xerox 1913,11,28.8495999999999,55.48
OFF-PA-10001166,Xerox 2,11,3.36959999999999,5.184
OFF-PA-10001184,Xerox 1903,11,3.0498,5.97999999999999
OFF-PA-10001204,Xerox 1972,11,2.904,4.224
OFF-PA-10001215,Xerox 1963,11,2.90399999999999,5.27999999999999
OFF-PA-10001243,Xerox 1983,11,3.0498,5.98
OFF-PA-10001246,Xerox 215,11,3.3696,6.48
OFF-PA-10001260,"TOPS Money Receipt Book, Consecutively Numbered in Red,",11,4.4055,8.01
OFF-PA-10001274,Loose Memo Sheets,11,1.93449999999999,3.65
OFF-PA-10001281,Computer Printout Paper with Letter-Trim Fine Perforations,11,24.9079999999999,47.9
OFF-PA-10001289,White Computer Printout Paper by Universal,11,19.7675999999999,38.76
OFF-PA-10001293,Xerox 1946,11,3.3696,6.48
OFF-PA-10001295,Computer Printout Paper with Letter-Trim Perforations,11,9.8644,15.176
OFF-PA-10001307,"Important Message Pads, 50 4-1/4 x 5-1/2 Forms per Pad",11,2.142,3.36
OFF-PA-10001357,Xerox 1886,11,24.9079999999999,47.9
OFF-PA-10001363,Xerox 1933,11,6.50839999999999,12.28
OFF-PA-10001450,Rediform S.O.S. Phone Message Books,11,2.5398,4.98
OFF-PA-10001457,White GlueTop Scratch Pads,11,8.1216,12.032
OFF-PA-10001461,HP Office Paper (20Lb. and 87 Bright),11,3.4736,5.34399999999999
OFF-PA-10001471,Strathmore Photo Frame Cards,11,3.9474,7.31
OFF-PA-10001497,Xerox 1914,11,28.0296,54.96
OFF-PA-10001509,"Recycled Desk Saver Line ""While You Were Out"" Book, 5 1/2"" X 4""",11,4.833,8.95
OFF-PA-10001526,Xerox 1949,11,2.5398,4.98
OFF-PA-10001534,Xerox 230,11,3.36959999999999,6.47999999999999
OFF-PA-10001560,"Adams Telephone Message Books, 5 1/4” x 11”",11,3.2012,4.832
OFF-PA-10001569,Xerox 232,11,3.36959999999999,6.47999999999999
OFF-PA-10001583,"1/4 Fold Party Design Invitations & White Envelopes, 24 8-1/2"" X 11"" Cards, 25 Env./Pack",11,3.8955,7.35
OFF-PA-10001593,Xerox 1947,11,3.289,5.98
OFF-PA-10001609,Tops Wirebound Message Log Books,11,1.7766,3.29
OFF-PA-10001622,"Ampad Poly Cover Wirebound Steno Book, 6"" x 9"" Assorted Colors, Gregg Ruled",11,2.497,4.54
OFF-PA-10001639,Xerox 203,11,3.36959999999999,5.184
OFF-PA-10001661,Xerox 1922,11,2.5398,3.984
OFF-PA-10001667,Great White Multi-Use Recycled Paper (20Lb. and 84 Bright),11,3.289,5.98
OFF-PA-10001685,Easy-staple paper,11,5.1714,10.14
OFF-PA-10001712,Xerox 1948,11,5.4945,9.99
OFF-PA-10001725,Xerox 1892,11,19.7675999999999,38.76
OFF-PA-10001736,Xerox 1880,11,18.7831999999999,35.44
OFF-PA-10001745,"Wirebound Message Books, 2 7/8"" x 5"", 3 Forms per Page",11,3.73119999999999,5.632
OFF-PA-10001752,Hammermill CopyPlus Copy Paper (20Lb. and 84 Bright),11,2.5398,4.97999999999999
OFF-PA-10001763,Xerox 1896,11,5.4945,9.99
OFF-PA-10001776,"Wirebound Message Books, Four 2 3/4"" x 5"" Forms per Page, 600 Sets per Book",11,4.91309999999999,9.27
OFF-PA-10001790,Xerox 1910,11,24.9808,38.432
OFF-PA-10001800,Xerox 220,11,3.3696,5.184
OFF-PA-10001801,Xerox 193,11,3.0498,5.98
OFF-PA-10001804,Xerox 195,11,3.4736,6.68
OFF-PA-10001815,Xerox 1885,11,24.9808,48.04
OFF-PA-10001826,Xerox 207,11,3.3696,5.184
OFF-PA-10001837,Xerox 1976,11,3.36959999999999,5.184
OFF-PA-10001838,"Adams Telephone Message Book W/Dividers/Space For Phone Numbers, 5 1/4""X8 1/2"", 300/Messages",11,2.99879999999999,5.88
OFF-PA-10001846,Xerox 1899,11,2.9478,4.624
OFF-PA-10001870,Xerox 202,11,3.3696,6.48
OFF-PA-10001878,Xerox 1891,11,25.9223,39.128
OFF-PA-10001892,"Rediform Wirebound ""Phone Memo"" Message Book, 11 x 5-3/4",11,3.8964,7.64
OFF-PA-10001934,Xerox 1993,11,3.3048,6.48
OFF-PA-10001937,Xerox 21,11,3.36959999999999,5.184
OFF-PA-10001947,Xerox 1974,11,3.0498,4.784
OFF-PA-10001950,Southworth 25% Cotton Antique Laid Paper & Envelopes,11,4.587,8.34
OFF-PA-10001952,Xerox 1902,11,12.3336,22.84
OFF-PA-10001954,Xerox 1964,11,12.3336,22.84
OFF-PA-10001970,Xerox 1881,11,6.50839999999999,12.28
OFF-PA-10001972,Xerox 214,11,3.3696,6.48
OFF-PA-10001977,Xerox 194,11,28.8496,55.48
OFF-PA-10001994,"Ink Jet Note and Greeting Cards, 8-1/2"" x 5-1/2"" Card Size",11,12.1391999999999,17.9839999999999
OFF-PA-10002001,Xerox 1984,11,3.3048,6.48
OFF-PA-10002005,Xerox 225,11,3.3696,5.184
OFF-PA-10002036,Xerox 1930,11,3.3048,5.184
OFF-PA-10002105,Xerox 223,11,3.36959999999999,6.47999999999999
OFF-PA-10002109,Wirebound Voice Message Log Book,11,2.5704,3.808
OFF-PA-10002120,Xerox 1889,11,28.0296,43.9679999999999
OFF-PA-10002137,"Southworth 100% Résumé Paper, 24lb.",11,4.279,7.77999999999999
OFF-PA-10002160,Xerox 1978,11,2.94779999999999,5.78
OFF-PA-10002195,"RSVP Cards & Envelopes, Blank White, 8-1/2"" X 11"", 24 Cards/25 Envelopes/Set",11,2.6924,4.064
OFF-PA-10002222,"Xerox Color Copier Paper, 11"" x 17"", Ream",11,12.3336,22.84
OFF-PA-10002230,Xerox 1897,11,2.5398,3.984
OFF-PA-10002245,Xerox 1895,11,3.289,5.98
OFF-PA-10002246,"Wirebound Four 2-3/4 x 5 Forms per Page, 400 Sets per Book",11,3.2895,5.16
OFF-PA-10002250,Things To Do Today Pad,11,3.0524,5.87
OFF-PA-10002254,Xerox 1883,11,14.2451999999999,26.38
OFF-PA-10002259,"Geographics Note Cards, Blank, White, 8 1/2"" x 11""",11,5.81879999999999,11.19
OFF-PA-10002262,Xerox 192,11,3.3696,6.48
OFF-PA-10002319,Xerox 1944,11,19.7675999999999,38.76
OFF-PA-10002333,"Universal Ultra Bright White Copier/Laser Paper, 8 1/2"" x 11"", Ream",11,3.3048,5.184
OFF-PA-10002365,Xerox 1967,11,3.36959999999999,5.184
OFF-PA-10002377,Xerox 1916,11,24.47,39.152
OFF-PA-10002421,Embossed Ink Jet Note Cards,11,11.7363999999999,18.056
OFF-PA-10002464,HP Office Recycled Paper (20Lb. and 87 Bright),11,2.9478,5.78
OFF-PA-10002479,Xerox 4200 Series MultiUse Premium Copy Paper (20Lb. and 84 Bright),11,2.904,5.28
OFF-PA-10002499,Xerox 1890,11,24.47,48.94
OFF-PA-10002552,Xerox 1958,11,3.3696,6.48
OFF-PA-10002558,Xerox 1938,11,24.9079999999999,38.32
OFF-PA-10002581,Xerox 1951,11,17.0389999999999,24.784
OFF-PA-10002586,Xerox 1970,11,2.6394,3.984
OFF-PA-10002606,Xerox 1928,11,2.904,4.224
OFF-PA-10002615,"Ampad Gold Fibre Wirebound Steno Books, 6"" x 9"", Gregg Ruled",11,2.3814,4.41
OFF-PA-10002659,Avoid Verbal Orders Carbonless Minifold Book,11,1.8252,2.704
OFF-PA-10002666,Southworth 25% Cotton Linen-Finish Paper & Envelopes,11,4.983,7.248
OFF-PA-10002689,Weyerhaeuser First Choice Laser/Copy Paper (20Lb. and 88 Bright),11,3.3696,6.48
OFF-PA-10002709,Xerox 1956,11,3.0498,5.98
OFF-PA-10002713,"Adams Phone Message Book, 200 Message Capacity, 8 1/16” x 11”",11,3.7152,6.88
OFF-PA-10002741,Xerox 1980,11,2.354,4.28
OFF-PA-10002749,"Wirebound Message Books, 5-1/2 x 4 Forms, 2 or 4 Forms per Page",11,3.4119,5.352
OFF-PA-10002751,Xerox 1920,11,3.289,5.98
OFF-PA-10002764,Easy-staple paper,11,5.7834,11.34
OFF-PA-10002787,Xerox 227,11,3.3696,6.48
OFF-PA-10002870,"Ampad Phone Message Book, Recycled, 400 Message Capacity, 5 ¾” x 11”",11,3.432,6.24
OFF-PA-10002893,"Wirebound Service Call Books, 5 1/2"" x 4""",11,5.0336,9.68
OFF-PA-10002923,Xerox 1942,11,24.47,39.152
OFF-PA-10002947,Xerox 1923,11,3.4736,6.68
OFF-PA-10002960,Xerox 1926,11,2.63939999999999,4.97999999999999
OFF-PA-10002968,Xerox 1973,11,12.3336,22.84
OFF-PA-10002986,Xerox 1898,11,3.4736,6.68
OFF-PA-10003001,Xerox 1986,11,3.4736,6.68
OFF-PA-10003016,"Adams ""While You Were Out"" Message Pads",11,1.72699999999999,3.13999999999999
OFF-PA-10003022,Xerox 1992,11,3.0498,4.784
OFF-PA-10003036,"Black Print Carbonless 8 1/2"" x 8 1/4"" Rapid Memo Book",11,3.9312,5.824
OFF-PA-10003039,Xerox 1960,11,17.0389999999999,24.784
OFF-PA-10003063,EcoTones Memo Sheets,11,2.08,4.0
OFF-PA-10003072,"Eureka Recycled Copy Paper 8 1/2"" x 11"", Ream",11,3.3696,6.48
OFF-PA-10003127,Easy-staple paper,11,14.2451999999999,26.38
OFF-PA-10003129,Tops White Computer Printout Paper,11,25.9222999999999,48.91
OFF-PA-10003134,Xerox 1937,11,24.9808,38.432
OFF-PA-10003172,Xerox 1996,11,3.3696,6.48
OFF-PA-10003177,Xerox 1999,11,3.3696,6.48
OFF-PA-10003205,"Wirebound Message Forms, Four 2 3/4 x 5 Forms per Page, Pink Paper",11,4.3301,8.17
OFF-PA-10003228,Xerox 1917,11,25.9223,48.91
OFF-PA-10003256,Avery Personal Creations Heavyweight Cards,11,6.00079999999999,9.232
OFF-PA-10003270,Xerox 1954,11,2.904,4.224
OFF-PA-10003302,Xerox 1906,11,18.7831999999999,28.352
OFF-PA-10003309,Xerox 211,11,3.36959999999999,5.184
OFF-PA-10003349,Xerox 1957,11,3.3048,5.184
OFF-PA-10003363,Xerox 204,11,3.36959999999999,6.47999999999999
OFF-PA-10003395,Xerox 1941,11,54.5219999999999,83.88
OFF-PA-10003424,"""While you Were Out"" Message Book, One Form per Page",11,1.855,3.71
OFF-PA-10003441,Xerox 226,11,3.36959999999999,6.47999999999999
OFF-PA-10003465,Xerox 1912,11,9.8644,18.97
OFF-PA-10003543,Xerox 1985,11,3.36959999999999,5.184
OFF-PA-10003591,Southworth 100% Cotton The Best Paper,11,5.73999999999999,11.4799999999999
OFF-PA-10003625,Xerox 1979,11,17.039,30.98
OFF-PA-10003641,Xerox 1909,11,14.2451999999999,26.38
OFF-PA-10003651,Xerox 1968,11,3.4736,5.344
OFF-PA-10003656,Xerox 1935,11,14.2451999999999,21.104
OFF-PA-10003657,Xerox 1927,11,2.354,4.28
OFF-PA-10003673,Strathmore Photo Mount Cards,11,3.66119999999999,6.77999999999999
OFF-PA-10003724,"Wirebound Message Book, 4 per Page",11,2.7693,5.43
OFF-PA-10003729,Xerox 1998,11,3.36959999999999,5.18399999999999
OFF-PA-10003739,Xerox 1969,11,2.9478,5.78
OFF-PA-10003790,Xerox 1991,11,12.3335999999999,18.272
OFF-PA-10003797,Xerox 209,11,3.3696,6.48
OFF-PA-10003823,Xerox 197,11,17.039,24.784
OFF-PA-10003845,Xerox 1987,11,2.9478,5.78
OFF-PA-10003848,Xerox 1997,11,3.3696,5.184
OFF-PA-10003883,"Message Book, Phone, Wirebound Standard Line Memo, 2 3/4"" X 5""",11,3.53699999999999,6.55
OFF-PA-10003892,Xerox 1943,11,25.9222999999999,48.91
OFF-PA-10003893,Xerox 1962,11,2.354,4.28
OFF-PA-10003919,Xerox 1989,11,2.6394,3.984
OFF-PA-10003936,Xerox 1994,11,3.3696,6.48
OFF-PA-10003953,Xerox 218,11,3.3696,6.48
OFF-PA-10003971,Xerox 1965,11,3.0498,4.784
OFF-PA-10004000,"While You Were Out Pads, 50 per Pad, 4 x 5 1/4, Green Cycle",11,2.4123,3.784
OFF-PA-10004022,Hammermill Color Copier Paper (28Lb. and 96 Bright),11,5.4945,9.99
OFF-PA-10004039,Xerox 1882,11,28.5497999999999,44.784
OFF-PA-10004040,Universal Premium White Copier/Laser Paper (20Lb. and 87 Bright),11,3.0498,5.98
OFF-PA-10004041,"It's Hot Message Books with Stickers, 2 3/4"" x 5""",11,4.07,5.92
OFF-PA-10004071,"Eaton Premium Continuous-Feed Paper, 25% Cotton, Letter Size, White, 1000 Shts/Box",11,28.8495999999999,55.48
OFF-PA-10004082,"Adams Telephone Message Book w/Frequently-Called Numbers Space, 400 Messages per Book",11,3.99,7.98
OFF-PA-10004092,Tops Green Bar Computer Printout Paper,11,24.47,48.94
OFF-PA-10004100,Xerox 216,11,3.36959999999999,5.184
OFF-PA-10004101,Xerox 1894,11,3.3696,5.184
OFF-PA-10004156,Xerox 188,11,5.7834,11.34
OFF-PA-10004239,Xerox 1953,11,2.354,4.28
OFF-PA-10004243,Xerox 1939,11,9.86439999999999,18.97
OFF-PA-10004248,Xerox 1990,11,2.904,4.224
OFF-PA-10004255,Xerox 219,11,3.3696,6.48
OFF-PA-10004285,Xerox 1959,11,3.4736,6.68
OFF-PA-10004327,Xerox 1911,11,24.9079999999999,47.9
OFF-PA-10004353,Southworth 25% Cotton Premium Laser Paper and Envelopes,11,10.3896,19.98
OFF-PA-10004355,Xerox 231,11,3.3696,5.184
OFF-PA-10004359,Multicolor Computer Printout Paper,11,54.5219999999999,104.85
OFF-PA-10004381,14-7/8 x 11 Blue Bar Computer Printout Paper,11,24.9808,38.432
OFF-PA-10004405,Rediform Voice Mail Log Books,11,1.54959999999999,2.384
OFF-PA-10004438,Xerox 1907,11,6.50839999999999,12.28
OFF-PA-10004451,Xerox 222,11,3.3696,6.48
OFF-PA-10004470,"Adams Write n' Stick Phone Message Book, 11"" X 5 1/4"", 200 Messages",11,3.06719999999999,4.544
OFF-PA-10004475,Xerox 1940,11,28.0296,54.96
OFF-PA-10004519,Spiral Phone Message Books with Labels by Adams,11,2.28479999999999,4.47999999999999
OFF-PA-10004530,Personal Creations Ink Jet Cards and Labels,11,5.8548,11.48
OFF-PA-10004569,"Wirebound Message Books, Two 4 1/4"" x 5"" Forms per Page",11,4.0333,7.61
OFF-PA-10004609,Xerox 221,11,3.3696,5.184
OFF-PA-10004610,Xerox 1900,11,2.354,3.424
OFF-PA-10004621,Xerox 212,11,3.3696,6.48
OFF-PA-10004665,Advantus Motivational Note Cards,11,6.681,13.1
OFF-PA-10004675,"Telephone Message Books with Fax/Mobile Section, 5 1/2"" x 3 3/16""",11,3.429,6.35
OFF-PA-10004733,Things To Do Today Spiral Book,11,4.0392,6.33599999999999
OFF-PA-10004734,Southworth Structures Collection,11,3.64,7.28
OFF-PA-10004735,Xerox 1905,11,3.3696,5.184
OFF-PA-10004782,Xerox 228,11,3.3696,6.48
OFF-PA-10004888,Xerox 217,11,3.3696,6.48
OFF-PA-10004911,"Rediform S.O.S. 1-Up Phone Message Bk, 4-1/4x3-1/16 Bk, 1 Form/Pg, 40 Messages/Bk, 3/Pk",11,4.8776,9.38
OFF-PA-10004947,Easy-staple paper,11,2.354,3.424
OFF-PA-10004948,Xerox 190,11,2.63939999999999,4.97999999999999
OFF-PA-10004965,Xerox 1921,11,5.49449999999999,7.992
OFF-PA-10004971,Xerox 196,11,2.9478,4.624
OFF-PA-10004983,Xerox 23,11,3.36959999999999,6.47999999999999
OFF-PA-10004996,"Speediset Carbonless Redi-Letter 7"" x 8 1/2""",11,5.4643,8.248
OFF-ST-10000025,Fellowes Stor/Drawer Steel Plus Storage Drawers,5,89.7042,95.43
OFF-ST-10000036,"Recycled Data-Pak for Archival Bound Computer Printouts, 12-1/2 x 12-1/2 x 16",5,72.1167,98.79
OFF-ST-10000046,Fellowes Super Stor/Drawer Files,5,130.855499999999,161.549999999999
OFF-ST-10000060,Fellowes Bankers Box Staxonsteel Drawer File/Stacking System,5,57.1824,64.98
OFF-ST-10000078,Tennsco 6- and 18-Compartment Lockers,5,217.4394,212.136
OFF-ST-10000107,Fellowes Super Stor/Drawer,5,22.755,27.75
OFF-ST-10000129,Fellowes Recycled Storage Drawers,5,103.257899999999,111.029999999999
OFF-ST-10000136,Letter Size File,5,28.187,31.7599999999999
OFF-ST-10000142,Deluxe Rollaway Locking File with Drawer,5,299.4336,332.704
OFF-ST-10000321,Akro Stacking Bins,5,7.5744,7.89
OFF-ST-10000344,"Neat Ideas Personal Hanging Folder Files, Black",5,9.9382,10.744
OFF-ST-10000352,Acco Perma 2700 Stacking Storage Drawers,5,25.2789999999999,29.74
OFF-ST-10000419,"Rogers Jumbo File, Granite",5,13.4442,13.58
OFF-ST-10000464,"Multi-Use Personal File Cart and Caster Set, Three Stacking Bins",5,25.0272,34.76
OFF-ST-10000532,Advantus Rolling Drawer Organizers,5,28.4751999999999,38.48
OFF-ST-10000563,Fellowes Bankers Box Stor/Drawer Steel Plus,5,28.782,25.584
OFF-ST-10000585,Economy Rollaway Files,5,122.247999999999,165.2
OFF-ST-10000604,Home/Office Personal File Carts,5,26.07,34.76
OFF-ST-10000615,"SimpliFile Personal File, Black Granite, 15w x 6-15/16d x 11-1/4h",5,8.17199999999999,9.08
OFF-ST-10000617,Woodgrain Magazine Files by Perma,5,2.7714,2.384
OFF-ST-10000636,Rogers Profile Extra Capacity Storage Tub,5,16.0704,16.74
OFF-ST-10000642,"Tennsco Lockers, Gray",5,19.5114,20.98
OFF-ST-10000649,Hanging Personal Folder File,5,11.7749999999999,15.7
OFF-ST-10000675,"File Shuttle II and Handi-File, Black",5,25.4174999999999,27.112
OFF-ST-10000676,Fellowes Econo/Stor Drawers,5,91.1142,96.93
OFF-ST-10000689,"Fellowes Strictly Business Drawer File, Letter/Legal Size",5,123.948,140.85
OFF-ST-10000736,Carina Double Wide Media Storage Towers in Natural & Black,5,77.7408,64.784
OFF-ST-10000760,Eldon Fold 'N Roll Cart System,5,9.92579999999999,11.184
OFF-ST-10000777,"Companion Letter/Legal File, Black",5,27.1872,37.76
OFF-ST-10000798,2300 Heavy-Duty Transfer File Systems by Perma,5,20.2338,24.98
OFF-ST-10000876,Eldon Simplefile Box Office,5,8.9568,9.952
OFF-ST-10000877,Recycled Steel Personal File for Standard File Folders,5,40.9146,55.29
OFF-ST-10000885,Fellowes Desktop Hanging File Manager,5,10.0725,13.43
OFF-ST-10000918,Crate-A-Files,5,8.066,10.9
OFF-ST-10000934,"Contico 72""H Heavy-Duty Storage System",5,40.98,32.784
OFF-ST-10000943,Eldon ProFile File 'N Store Portable File Tub Letter/Legal Size Black,5,13.9032,15.448
OFF-ST-10000991,Space Solutions HD Industrial Steel Shelving.,5,111.5209,91.976
OFF-ST-10001031,Adjustable Personal File Tote,5,12.0472,13.024
OFF-ST-10001034,Eldon File Chest Portable File,5,14.689,15.88
OFF-ST-10001097,Office Impressions Heavy Duty Welded Shelving & Multimedia Storage Drawers,5,167.27,167.27
OFF-ST-10001128,"Carina Mini System Audio Rack, Model AR050B",5,107.6506,88.784
OFF-ST-10001172,"Tennsco Lockers, Sand",5,15.9448,20.98
OFF-ST-10001228,"Fellowes Personal Hanging Folder Files, Navy",5,9.6696,13.43
OFF-ST-10001272,"Mini 13-1/2 Capacity Data Binder Rack, Pearl",5,98.1525,130.87
OFF-ST-10001291,"Tenex Personal Self-Stacking Standard File Box, Black/Gray",5,12.3443,13.528
OFF-ST-10001321,"Decoflex Hanging Personal Folder File, Blue",5,11.2565999999999,15.42
OFF-ST-10001325,Sterilite Officeware Hinged File Box,5,7.6504,8.384
OFF-ST-10001328,"Personal Filing Tote with Lid, Black/Gray",5,11.1672,12.408
OFF-ST-10001370,Sensible Storage WireTech Storage Systems,5,67.431,70.9799999999999
OFF-ST-10001414,Decoflex Hanging Personal Folder File,5,11.4108,15.42
OFF-ST-10001418,Carina Media Storage Towers in Natural & Black,5,59.7604,60.98
OFF-ST-10001469,Fellowes Bankers Box Recycled Super Stor/Drawer,5,50.7412,53.98
OFF-ST-10001476,Steel Personal Filing/Posting Tote,5,25.9223,28.408
OFF-ST-10001490,"Hot File 7-Pocket, Floor Stand",5,124.929,142.776
OFF-ST-10001496,Standard Rollaway File with Lock,5,133.3406,180.19
OFF-ST-10001505,"Perma STOR-ALL Hanging File Box, 13 1/8""W x 12 1/4""D x 10 1/2""H",5,4.9634,4.784
OFF-ST-10001511,Space Solutions Commercial Steel Shelving,5,61.4175,51.72
OFF-ST-10001522,"Gould Plastics 18-Pocket Panel Bin, 34w x 5-1/4d x 20-1/2h",5,88.3104,91.99
OFF-ST-10001526,Iceberg Mobile Mega Data/Printer Cart,5,89.0442,120.33
OFF-ST-10001558,Acco Perma 4000 Stacking Storage Drawers,5,13.804,12.992
OFF-ST-10001580,Super Decoflex Portable Personal File,5,10.7856,11.984
OFF-ST-10001590,"Tenex Personal Project File with Scoop Front Design, Black",5,9.9752,13.4799999999999
OFF-ST-10001627,Eldon Jumbo ProFile Portable File Boxes Graphite/Black,5,11.0232,12.248
OFF-ST-10001713,"Gould Plastics 9-Pocket Panel Bin, 18-3/8w x 5-1/4d x 20-1/2h, Black",5,50.8704,52.99
OFF-ST-10001780,Tennsco 16-Compartment Lockers with Coat Rack,5,492.396399999999,647.89
OFF-ST-10001809,Fellowes Officeware Wire Shelving,5,88.0334,89.83
OFF-ST-10001837,"SAFCO Mobile Desk Side File, Wire Frame",5,31.6424,42.76
OFF-ST-10001932,Fellowes Staxonsteel Drawer Files,5,166.1262,193.17
OFF-ST-10001963,Tennsco Regal Shelving Units,5,98.3677,81.128
OFF-ST-10002011,Smead Adjustable Mobile File Trolley with Lockable Top,5,306.0087,335.352
OFF-ST-10002182,"Iris 3-Drawer Stacking Bin, Black",5,20.4722,20.89
OFF-ST-10002205,File Shuttle I and Handi-File,5,16.2498,17.808
OFF-ST-10002214,X-Rack File for Hanging Folders,5,8.3546,11.29
OFF-ST-10002276,Safco Steel Mobile File Cart,5,62.5199999999999,83.36
OFF-ST-10002289,"Safco Wire Cube Shelving System, For Use as 4 or 5 14"" Cubes, Black",5,30.191,31.78
OFF-ST-10002292,"Sauder Facets Collection Locker/File Cabinet, Sky Alder Finish",5,296.784,296.784
OFF-ST-10002301,Tennsco Commercial Shelving,5,20.1365999999999,16.272
OFF-ST-10002344,"Carina 42""Hx23 3/4""W Media Storage Unit",5,79.3604,80.98
OFF-ST-10002352,Iris Project Case,5,5.9052,7.98
OFF-ST-10002370,"Sortfiler Multipurpose Personal File Organizer, Black",5,15.1869,21.39
OFF-ST-10002406,Pizazz Global Quick File,5,10.7784,14.97
OFF-ST-10002444,Recycled Eldon Regeneration Jumbo File,5,8.8416,12.28
OFF-ST-10002485,Rogers Deluxe File Chest,5,21.7602,21.98
OFF-ST-10002486,Eldon Shelf Savers Cubes and Bins,5,6.8404,6.98
OFF-ST-10002554,Tennsco Industrial Shelving,5,47.9318,39.128
OFF-ST-10002562,Staple magnet,5,6.7536,7.504
OFF-ST-10002574,"SAFCO Commercial Wire Shelving, Black",5,138.14,138.14
OFF-ST-10002583,Fellowes Neat Ideas Storage Cubes,5,31.1807999999999,32.48
OFF-ST-10002615,"Dual Level, Single-Width Filing Carts",5,114.7444,155.06
OFF-ST-10002743,SAFCO Boltless Steel Shelving,5,112.5036,113.64
OFF-ST-10002756,"Tennsco Stur-D-Stor Boltless Shelving, 5 Shelves, 24"" Deep, Sand",5,133.9569,135.31
OFF-ST-10002790,Safco Industrial Shelving,5,71.6345,73.85
OFF-ST-10002957,Sterilite Show Offs Storage Containers,5,5.28,4.224
OFF-ST-10002974,"Trav-L-File Heavy-Duty Shuttle II, Black",5,30.499,34.856
OFF-ST-10003058,Eldon Mobile Mega Data Cart  Mega Stackable  Add-On Trays,5,16.7915,23.65
OFF-ST-10003123,Fellowes Bases and Tops For Staxonsteel/High-Stak Systems,5,25.3004,33.29
OFF-ST-10003208,Adjustable Depth Letter/Legal Cart,5,128.8366,181.46
OFF-ST-10003221,Staple magnet,5,7.7964,10.68
OFF-ST-10003282,"Advantus 10-Drawer Portable Organizer, Chrome Metal Frame, Smoke Drawers",5,43.0272,47.808
OFF-ST-10003306,Letter Size Cart,5,101.4306,142.859999999999
OFF-ST-10003324,Belkin OmniView SE Rackmount Kit,5,35.48,35.48
OFF-ST-10003327,Akro-Mils 12-Gallon Tote,5,7.0503,7.944
OFF-ST-10003442,Eldon Portable Mobile Manager,5,20.6443999999999,22.624
OFF-ST-10003455,"Tenex File Box, Personal Filing Tote with Lid, Black",5,11.4774,12.408
OFF-ST-10003470,"Tennsco Snap-Together Open Shelving Units, Starter Sets and Add-On Units",5,265.506,279.48
OFF-ST-10003479,"Eldon Base for stackable storage shelf, platinum",5,36.9929999999999,38.94
OFF-ST-10003572,Portfile Personal File Boxes,5,13.098,14.16
OFF-ST-10003638,Mobile Personal File Cube,5,17.0966,23.42
OFF-ST-10003641,Space Solutions Industrial Galvanized Steel Shelving.,5,77.224,63.04
OFF-ST-10003656,Safco Industrial Wire Shelving,5,93.1103,76.792
OFF-ST-10003692,Recycled Steel Personal File for Hanging File Folders,5,42.9225,45.784
OFF-ST-10003716,Tennsco Double-Tier Lockers,5,195.767399999999,180.016
OFF-ST-10003722,Project Tote Personal File,5,9.9613,14.03
OFF-ST-10003805,"24 Capacity Maxi Data Binder Racks, Pearl",5,157.9125,168.44
OFF-ST-10003816,Fellowes High-Stak Drawer Files,5,135.6663,176.19
OFF-ST-10003994,"Belkin 19"" Center-Weighted Shelf, Gray",5,56.031,58.98
OFF-ST-10003996,"Letter/Legal File Tote with Clear Snap-On Lid, Black Granite",5,11.8844,16.06
OFF-ST-10004123,Safco Industrial Wire Shelving System,5,90.98,72.784
OFF-ST-10004180,Safco Commercial Shelving,5,44.6496,37.208
OFF-ST-10004186,"Stur-D-Stor Shelving, Vertical 5-Shelf: 72""H x 36""W x 18 1/2""D",5,108.7604,110.98
OFF-ST-10004258,Portable Personal File Box,5,8.9133,12.21
OFF-ST-10004337,"SAFCO Commercial Wire Shelving, 72h",5,61.24,61.24
OFF-ST-10004340,"Fellowes Mobile File Cart, Black",5,45.3914,49.744
OFF-ST-10004459,Tennsco Single-Tier Lockers,5,356.573,375.34
OFF-ST-10004507,Advantus Rolling Storage Box,5,12.5195,17.15
OFF-ST-10004634,"Personal Folder Holder, Ebony",5,7.847,11.21
OFF-ST-10004804,"Belkin 19"" Vented Equipment Shelf, Black",5,50.9651999999999,41.184
OFF-ST-10004835,Plastic Stacking Crates & Casters,5,4.1292,4.464
OFF-ST-10004946,Desktop 3-Pocket Hot File,5,40.034,54.1
OFF-ST-10004950,Acco Perma 3000 Stacking Storage Drawers,5,16.9938,16.784
OFF-ST-10004963,Eldon Gobal File Keepers,5,14.5344,12.112
OFF-SU-10000151,High Speed Automatic Electric Letter Opener,15,1572.02879999999,1637.53
OFF-SU-10000157,Compact Automatic Electric Letter Opener,15,116.9238,119.31
OFF-SU-10000381,Acme Forged Steel Scissors with Black Enamel Handles,15,6.6101,9.31
OFF-SU-10000432,Acco Side-Punched Conventional Columnar Pads,15,3.2965,2.776
OFF-SU-10000646,Premier Automatic Letter Opener,15,233.1589,192.296
OFF-SU-10000898,"Acme Hot Forged Carbon Steel Scissors with Nickel-Plated Handles, 3 7/8"" Cut, 8""L",15,9.869,13.9
OFF-SU-10000946,Staple remover,15,5.6658,7.98
OFF-SU-10000952,Fiskars Home & Office Scissors,15,6.39359999999999,8.87999999999999
OFF-SU-10001165,Acme Elite Stainless Steel Scissors,15,6.1716,6.672
OFF-SU-10001212,Kleencut Forged Office Shears by Acme United Corporation,15,1.456,2.08
OFF-SU-10001218,Fiskars Softgrip Scissors,15,7.9056,10.9799999999999
OFF-SU-10001225,Staple remover,15,3.6064,3.68
OFF-SU-10001574,Acme Value Line Scissors,15,2.55499999999999,3.65
OFF-SU-10001664,Acme Office Executive Series Stainless Steel Trimmers,15,6.3418,8.57
OFF-SU-10001935,Staple remover,15,2.0928,1.744
OFF-SU-10002189,Acme Rosewood Handle Letter Opener,15,3.9303,3.176
OFF-SU-10002301,Serrated Blade or Curved Handle Hand Letter Openers,15,3.1086,3.14
OFF-SU-10002503,Acme Preferred Stainless Steel Scissors,15,4.0328,5.68
OFF-SU-10002522,Acme Kleen Earth Office Shears,15,2.7548,3.88
OFF-SU-10002537,Acme Box Cutter Scissors,15,7.5702,10.23
OFF-SU-10002557,Fiskars Spring-Action Scissors,15,10.3451999999999,11.184
OFF-SU-10002573,"Acme 10"" Easy Grip Assistive Scissors",15,12.271,17.53
OFF-SU-10002881,Martin Yale Chadless Opener Electric Letter Opener,15,816.1538,666.248
OFF-SU-10003002,Letter Slitter,15,2.4444,2.52
OFF-SU-10003505,Premier Electric Letter Opener,15,110.067,92.688
OFF-SU-10003567,Stiletto Hand Letter Openers,15,9.312,7.68
OFF-SU-10003936,Acme Serrated Blade Letter Opener,15,3.14819999999999,2.544
OFF-SU-10004115,Acme Stainless Steel Office Snips,15,5.3071,5.816
OFF-SU-10004231,Acme Tagit Stainless Steel Antibacterial Scissors,15,7.227,7.92
OFF-SU-10004261,"Fiskars 8"" Scissors, 2/Pack",15,12.2404,13.792
OFF-SU-10004290,"Acme Design Line 8"" Stainless Steel Bent Scissors w/Champagne Handles, 3-1/8"" Cut",15,4.9932,6.84
OFF-SU-10004498,Martin-Yale Premier Letter Opener,15,12.4936,12.88
OFF-SU-10004661,Acme Titanium Bonded Scissors,15,6.29,8.5
OFF-SU-10004664,Acme Softgrip Scissors,15,5.7794,6.512
OFF-SU-10004737,Acme Design Stainless Steel Bent Scissors,15,4.9932,6.84
OFF-SU-10004768,Acme Kleencut Forged Steel Scissors,15,4.018,4.592
OFF-SU-10004782,"Elite 5"" Scissors",15,5.91499999999999,6.76
OFF-SU-10004884,Acme Galleria Hot Forged Steel Scissors with Colored Handles,15,11.1683,12.584
TEC-AC-10000023,"Maxell 74 Minute CD-R Spindle, 50/Pack",12,13.4208,20.97
TEC-AC-10000057,Microsoft Natural Ergonomic Keyboard 4000,12,23.6921,23.992
TEC-AC-10000109,Sony Micro Vault Click 16 GB USB 2.0 Flash Drive,12,42.5524,44.792
TEC-AC-10000158,Sony 64GB Class 10 Micro SDHC R40 Memory Card,12,28.4321,28.792
TEC-AC-10000171,"Verbatim 25 GB 6x Blu-ray Single Layer Recordable Disc, 25/Pack",12,13.1042999999999,22.99
TEC-AC-10000199,Kingston Digital DataTraveler 8GB USB 2.0,12,5.117,4.76
TEC-AC-10000290,Sabrent 4-Port USB 2.0 Hub,12,4.4814,6.79
TEC-AC-10000303,Logitech M510 Wireless Mouse,12,26.7933,31.992
TEC-AC-10000358,Imation Secure Drive + Hardware Encrypted USB flash drive - 16 GB,12,28.8724,37.99
TEC-AC-10000387,KeyTronic KT800P2 - Keyboard - Black,12,12.3164,15.02
TEC-AC-10000397,"Perixx PERIBOARD-512B, Ergonomic Split Keyboard",12,32.5407,34.99
TEC-AC-10000420,Logitech G500s Laser Gaming Mouse with Adjustable Weight Tuning,12,46.1934,69.99
TEC-AC-10000474,Kensington Expert Mouse Optical USB Trackball for PC or Mac,12,66.493,75.992
TEC-AC-10000487,SanDisk Cruzer 4 GB USB Flash Drive,12,4.0887,5.192
TEC-AC-10000521,"Verbatim Slim CD and DVD Storage Cases, 50/Pack",12,8.078,11.54
TEC-AC-10000580,Logitech G13 Programmable Gameboard with LCD Display,12,71.1910999999999,63.992
TEC-AC-10000682,Kensington K72356US Mouse-in-a-Box USB Desktop Mouse,12,10.7835,16.59
TEC-AC-10000710,Maxell DVD-RAM Discs,12,9.3936,16.48
TEC-AC-10000736,Logitech G600 MMO Gaming Mouse,12,51.1935999999999,63.992
TEC-AC-10000844,Logitech Gaming G510s - Keyboard,12,54.3935999999999,67.9919999999999
TEC-AC-10000865,WD My Passport Ultra 500GB Portable External Hard Drive,12,48.97,59.0
TEC-AC-10000892,NETGEAR N750 Dual Band Wi-Fi Gigabit Router,12,57.6,90.0
TEC-AC-10000926,NETGEAR RangeMax WNR1000 Wireless Router,12,15.9936,19.992
TEC-AC-10000927,Anker Ultrathin Bluetooth Wireless Keyboard Aluminum Cover with Stand,12,26.9909999999999,29.99
TEC-AC-10000990,Imation Bio 2GB USB Flash Drive Imation Corp,12,76.0843999999999,131.18
TEC-AC-10000991,Sony Micro Vault Click 8 GB USB 2.0 Flash Drive,12,40.4114,46.99
TEC-AC-10001013,Logitech ClearChat Comfort/USB Headset H390,12,19.6242999999999,29.29
TEC-AC-10001090,Micro Innovations Wireless Classic Keyboard with Mouse,12,24.5918,23.992
TEC-AC-10001101,Sony 16GB Class 10 Micro SDHC R40 Memory Card,12,11.601,12.89
TEC-AC-10001109,Logitech Trackman Marble Mouse,12,17.3942,29.99
TEC-AC-10001114,Microsoft Wireless Mobile Mouse 4000,12,27.1931999999999,39.9899999999999
TEC-AC-10001142,First Data FD10 PIN Pad,12,71.1,79.0
TEC-AC-10001266,Memorex Micro Travel Drive 8 GB,12,7.15,10.4
TEC-AC-10001267,Imation 32GB Pocket Pro USB 3.0 Flash Drive - 32 GB - Black - 1 P ...,12,17.97,23.96
TEC-AC-10001284,Enermax Briskie RF Wireless Keyboard and Mouse Combo,12,13.2928,20.77
TEC-AC-10001314,Case Logic 2.4GHz Wireless Keyboard,12,45.9908,39.992
TEC-AC-10001383,Logitech Wireless Touch Keyboard K400,12,20.7416999999999,24.99
TEC-AC-10001432,Enermax Aurora Lite Keyboard,12,43.7639999999999,78.1499999999999
TEC-AC-10001445,Imation USB 2.0 Swivel Flash Drive USB flash drive - 4 GB - Pink,12,2.3937,3.03
TEC-AC-10001465,SanDisk Cruzer 64 GB USB Flash Drive,12,25.424,29.056
TEC-AC-10001539,Logitech G430 Surround Sound Gaming Headset with Dolby 7.1 Technology,12,51.1936,63.992
TEC-AC-10001542,SanDisk Cruzer 16 GB USB Flash Drive,12,9.2988,9.184
TEC-AC-10001552,Logitech K350 2.4Ghz Wireless Keyboard,12,44.2953,39.8159999999999
TEC-AC-10001553,"Memorex 25GB 6X Branded Blu-Ray Recordable Disc, 15/Pack",12,13.4221,16.99
TEC-AC-10001590,Dell Slim USB Multimedia Keyboard,12,19.0,25.0
TEC-AC-10001606,Logitech Wireless Performance Mouse MX for PC and Mac,12,61.9938,99.99
TEC-AC-10001635,KeyTronic KT400U2 - Keyboard - Black,12,8.224,8.224
TEC-AC-10001714,Logitech MX Performance Wireless Mouse,12,25.1307,31.912
TEC-AC-10001767,SanDisk Ultra 64 GB MicroSDHC Class 10 Memory Card,12,35.5911,31.992
TEC-AC-10001772,Memorex Mini Travel Drive 16 GB USB 2.0 Flash Drive,12,9.7417,15.97
TEC-AC-10001838,Razer Tiamat Over Ear 7.1 Surround Sound PC Gaming Headset,12,113.9943,199.99
TEC-AC-10001874,Logitech Wireless Anywhere Mouse MX for PC and Mac,12,41.993,47.992
TEC-AC-10001908,Logitech Wireless Headset h800,12,64.9935,99.99
TEC-AC-10001956,Microsoft Arc Touch Mouse,12,38.368,47.96
TEC-AC-10001990,Kensington Orbit Wireless Mobile Trackball for PC and Mac,12,40.7932,47.992
TEC-AC-10001998,Logitech LS21 Speaker System - PC Multimedia - 2.1-CH - Wired,12,13.1933999999999,19.99
TEC-AC-10002001,Logitech Wireless Gaming Headset G930,12,100.7937,127.992
TEC-AC-10002006,Memorex Micro Travel Drive 16 GB,12,11.0331,15.99
TEC-AC-10002018,AmazonBasics 3-Button USB Wired Mouse,12,3.98429999999999,5.592
TEC-AC-10002049,Logitech G19 Programmable Gaming Keyboard,12,101.6718,123.99
TEC-AC-10002076,Microsoft Natural Keyboard Elite,12,50.898,47.904
TEC-AC-10002134,Rosewill 107 Normal Keys USB Wired Standard Keyboard,12,11.5927999999999,10.7839999999999
TEC-AC-10002167,Imation 8gb Micro Traveldrive Usb 2.0 Flash Drive,12,13.35,15.0
TEC-AC-10002217,Imation Clip USB flash drive - 8 GB,12,17.672,18.8
TEC-AC-10002253,Imation Bio 8GB USB Flash Drive Imation Corp,12,141.304,166.24
TEC-AC-10002305,KeyTronic E03601U1 - Keyboard - Beige,12,14.76,18.0
TEC-AC-10002323,SanDisk Ultra 32 GB MicroSDHC Class 10 Memory Card,12,19.227,22.1
TEC-AC-10002331,"Maxell 74 Minute CDR, 10/Pack",12,6.16139999999999,9.78
TEC-AC-10002335,Logitech Media Keyboard K200,12,28.3419,27.992
TEC-AC-10002345,HP Standard 104 key PS/2 Keyboard,12,10.875,14.5
TEC-AC-10002370,Maxell CD-R Discs,12,1.3396,1.97
TEC-AC-10002380,Sony 8GB Class 10 Micro SDHC R40 Memory Card,12,8.9507,9.064
TEC-AC-10002399,SanDisk Cruzer 32 GB USB Flash Drive,12,12.9335999999999,19.02
TEC-AC-10002402,Razer Kraken PRO Over Ear PC and Music Headset,12,55.9929999999999,79.99
TEC-AC-10002473,Maxell 4.7GB DVD-R,12,16.7442,28.38
TEC-AC-10002550,Maxell 4.7GB DVD-RW 3/Pack,12,10.5138,12.744
TEC-AC-10002558,Imation Swivel Flash Drive USB flash drive - 8 GB,12,7.3905,9.096
TEC-AC-10002567,Logitech G602 Wireless Gaming Mouse,12,51.1935999999999,79.99
TEC-AC-10002600,Belkin QODE FastFit Bluetooth Keyboard,12,53.277,49.56
TEC-AC-10002637,Logitech VX Revolution Cordless Laser Mouse for Notebooks (Black),12,169.1906,179.99
TEC-AC-10002647,"Logitech Wireless Boombox Speaker - portable - wireless, wired",12,58.52,106.4
TEC-AC-10002718,Belkin Standard 104 key USB Keyboard,12,12.4014999999999,11.6719999999999
TEC-AC-10002800,Plantronics Audio 478 Stereo USB Headset,12,32.4935,49.99
TEC-AC-10002842,WD My Passport Ultra 2TB Portable External Hard Drive,12,99.96,119.0
TEC-AC-10002857,"Verbatim 25 GB 6x Blu-ray Single Layer Recordable Disc, 1/Pack",12,5.14049999999999,5.96
TEC-AC-10002926,Logitech Wireless Marathon Mouse M705,12,28.4942999999999,39.992
TEC-AC-10002942,WD My Passport Ultra 1TB Portable External Hard Drive,12,57.27,69.0
TEC-AC-10003023,Logitech G105 Gaming Keyboard,12,48.6834,47.496
TEC-AC-10003027,Imation 8GB Mini TravelDrive USB 2.0 Flash Drive,12,26.2652999999999,30.1899999999999
TEC-AC-10003033,Plantronics CS510 - Over-the-Head monaural Wireless Headset System,12,221.0665,329.95
TEC-AC-10003038,Kingston Digital DataTraveler 16GB USB 2.0,12,7.2495,7.16
TEC-AC-10003063,Micro Innovations USB RF Wireless Keyboard with Mouse,12,19.75,25.0
TEC-AC-10003095,Logitech G35 7.1-Channel Surround Sound Headset,12,85.7934,129.99
TEC-AC-10003116,Memorex Froggy Flash Drive 8 GB,12,10.8274999999999,14.2
TEC-AC-10003133,Memorex Mini Travel Drive 4 GB USB 2.0 Flash Drive,12,5.0209,6.808
TEC-AC-10003174,Plantronics S12 Corded Telephone Headset System,12,64.6739999999999,107.79
TEC-AC-10003198,Enermax Acrylux Wireless Keyboard,12,62.748,99.6
TEC-AC-10003237,Memorex Micro Travel Drive 4 GB,12,6.042,8.48
TEC-AC-10003280,Belkin F8E887 USB Wired Ergonomic Keyboard,12,23.6920999999999,29.99
TEC-AC-10003289,Anker Ultra-Slim Mini Bluetooth 3.0 Wireless Keyboard,12,15.3922999999999,19.99
TEC-AC-10003399,Memorex Mini Travel Drive 64 GB USB 2.0 Flash Drive,12,21.0192,36.24
TEC-AC-10003433,Maxell 4.7GB DVD+R 5/Pack,12,0.544499999999999,0.791999999999999
TEC-AC-10003441,Kingston Digital DataTraveler 32GB USB 2.0,12,15.933,16.95
TEC-AC-10003447,Micropad Numeric Keypads,12,14.9925,15.992
TEC-AC-10003499,Memorex Mini Travel Drive 8 GB USB 2.0 Flash Drive,12,7.06379999999999,9.264
TEC-AC-10003590,"TRENDnet 56K USB 2.0 Phone, Internet and Fax Modem",12,16.5695999999999,25.8899999999999
TEC-AC-10003610,Logitech Illuminated - Keyboard,12,31.1948,59.99
TEC-AC-10003614,"Verbatim 25 GB 6x Blu-ray Single Layer Recordable Disc, 10/Pack",12,7.7653,9.272
TEC-AC-10003628,Logitech 910-002974 M325 Wireless Mouse for Web Scrolling,12,16.7944,29.99
TEC-AC-10003657,Lenovo 17-Key USB Numeric Keypad,12,26.5122,27.192
TEC-AC-10003709,Maxell 4.7GB DVD-R 5/Pack,12,0.5544,0.99
TEC-AC-10003832,Logitech P710e Mobile Speakerphone,12,208.5669,205.992
TEC-AC-10003870,Logitech Z-906 Speaker sys - home theater - 5.1-CH,12,197.994,329.99
TEC-AC-10003911,NETGEAR AC1750 Dual Band Gigabit Smart WiFi Router,12,105.5934,127.992
TEC-AC-10004001,Logitech Wireless Headset H600 Over-The-Head Design,12,25.3641,42.9899999999999
TEC-AC-10004114,KeyTronic 6101 Series - Keyboard - Black,12,23.3643,32.792
TEC-AC-10004127,SanDisk Cruzer 8 GB USB Flash Drive,12,7.1316,6.792
TEC-AC-10004145,Logitech diNovo Edge Keyboard,12,192.4923,249.99
TEC-AC-10004171,Razer Kraken 7.1 Surround Sound Over Ear USB Gaming Headset,12,55.9943999999999,99.99
TEC-AC-10004209,Memorex Froggy Flash Drive 4 GB,12,6.7039,10.99
TEC-AC-10004227,SanDisk Ultra 16 GB MicroSDHC Class 10 Memory Card,12,12.2106,12.99
TEC-AC-10004353,Hypercom P1300 Pinpad,12,39.69,50.4
TEC-AC-10004396,Logitech Keyboard K120,12,16.1535,14.52
TEC-AC-10004420,Cherry 142-key Programmable Keyboard,12,106.7377,119.93
TEC-AC-10004469,Microsoft Sculpt Comfort Mouse,12,22.372,39.95
TEC-AC-10004510,Logitech Desktop MK120 Mouse and keyboard Combo,12,14.7239999999999,16.36
TEC-AC-10004518,Memorex Mini Travel Drive 32 GB USB 2.0 Flash Drive,12,12.2,20.0
TEC-AC-10004568,Maxell LTO Ultrium - 800 GB,12,22.6719,27.99
TEC-AC-10004571,Logitech G700s Rechargeable Gaming Mouse,12,57.9941999999999,99.99
TEC-AC-10004595,First Data TMFD35 PIN Pad,12,112.812,142.799999999999
TEC-AC-10004633,"Verbatim 25 GB 6x Blu-ray Single Layer Recordable Disc, 3/Pack",12,3.9144,6.99
TEC-AC-10004659,Imation Secure+ Hardware Encrypted USB 2.0 Flash Drive; 16GB,12,47.4435,58.392
TEC-AC-10004666,Maxell iVDR EX 500GB Cartridge,12,157.0578,275.54
TEC-AC-10004708,Sony 32GB Class 10 Micro SDHC R40 Memory Card,12,16.5505,20.95
TEC-AC-10004761,Maxell 4.7GB DVD+RW 3/Pack,12,10.3545,15.93
TEC-AC-10004803,Sony Micro Vault Click 4 GB USB 2.0 Flash Drive,12,11.9884,13.94
TEC-AC-10004814,Logitech Illuminated Ultrathin Keyboard with Backlighting,12,33.6241,56.99
TEC-AC-10004855,V7 USB Numeric Keypad,12,32.5407,27.992
TEC-AC-10004859,"Maxell Pro 80 Minute CD-R, 10/Pack",12,10.488,17.48
TEC-AC-10004864,Memorex Micro Travel Drive 32 GB,12,20.8106999999999,36.51
TEC-AC-10004877,Imation 30456 USB Flash Drive 8GB,12,6.348,6.89999999999999
TEC-AC-10004901,Kensington SlimBlade Notebook Wireless Mouse with Nano Receiver,12,32.9934,49.99
TEC-AC-10004975,Plantronics Audio 995 Wireless Stereo Headset,12,73.6665,87.96
TEC-AC-10004992,Kingston Digital DataTraveler 64GB USB 2.0,12,31.0776,33.78
TEC-CO-10000971,Hewlett Packard 310 Color Digital Copier,17,209.993,239.992
TEC-CO-10001046,Canon Imageclass D680 Copier / Fax,17,384.9945,419.994
TEC-CO-10001449,Hewlett Packard LaserJet 3310 Copier,17,311.9948,479.992
TEC-CO-10001571,Sharp 1540cs Digital Laser Copier,17,274.995,439.992
TEC-CO-10001766,Canon PC940 Copier,17,238.494699999999,449.989999999999
TEC-CO-10001943,Canon PC-428 Personal Copier,17,105.9947,199.99
TEC-CO-10002095,Hewlett Packard 610 Color Digital Copier / Printer,17,274.9945,399.992
TEC-CO-10002313,Canon PC1080F Personal Copier,17,365.9939,599.99
TEC-CO-10003236,Canon Image Class D660 Copier,17,323.994599999999,599.99
TEC-CO-10003763,Canon PC1060 Personal Laser Copier,17,370.994699999999,559.992
TEC-CO-10004115,Sharp AL-1530CS Digital Copier,17,254.9949,399.992
TEC-CO-10004202,Brother DCP1000 Digital 3 in 1 Multifunction Machine,17,194.9935,299.99
TEC-CO-10004722,Canon imageCLASS 2200 Advanced Copier,17,1819.9948,2799.992
TEC-MA-10000010,Hewlett-Packard Deskjet 3050a All-in-One Color Inkjet Printer,16,197.6,380.0
TEC-MA-10000029,"Epson WorkForce WF-2530 All-in-One Printer, Copier Scanner",16,39.8942999999999,69.99
TEC-MA-10000045,Zebra ZM400 Thermal Label Printer,16,603.694,1160.95
TEC-MA-10000112,Panasonic KX MB2061 Multifunction Printer,16,221.667,239.64
TEC-MA-10000418,Cubify CubeX 3D Printer Double Head Print,16,2219.9926,899.997
TEC-MA-10000423,Texas Instruments TI-34 Scientific Calculator,16,11.6547,17.592
TEC-MA-10000488,Bady BDG101FRU Card Printer,16,567.9929,479.993999999999
TEC-MA-10000597,Lexmark S315 Color Inkjet Printer,16,52.9947,79.992
TEC-MA-10000752,Texas Instrument TI-15 Fraction Calculator,16,7.80299999999999,4.335
TEC-MA-10000822,Lexmark MX611dhe Monochrome Laser Printer,16,1189.993,1019.994
TEC-MA-10000864,Cisco 9971 IP Video Phone Charcoal,16,237.6,132.0
TEC-MA-10000904,"Brother MFC-9340CDW LED All-In-One Printer, Copier Scanner",16,220.394199999999,113.997
TEC-MA-10000984,Okidata MB760 Printer,16,993.29,1119.2
TEC-MA-10001016,Canon PC170 Desktop Personal Copier,16,84.7735,95.97
TEC-MA-10001031,Socket Bluetooth Cordless Hand Scanner (CHS),16,109.694,168.76
TEC-MA-10001047,"3D Systems Cube Printer, 2nd Generation, Magenta",16,961.9926,1299.99
TEC-MA-10001127,"HP Designjet T520 Inkjet Large Format Printer - 24"" Color",16,1189.9932,874.995
TEC-MA-10001148,Swingline SM12-08 MicroCut Jam Free Shredder,16,215.9946,119.997
TEC-MA-10001570,Cisco Desktop Collaboration Experience DX650 IP Video Phone,16,51.1185,77.16
TEC-MA-10001681,Lexmark MarkNet N8150 Wireless Print Server,16,204.9945,120.585
TEC-MA-10001695,Zebra GK420t Direct Thermal/Thermal Transfer Printer,16,273.665,117.285
TEC-MA-10001856,Okidata C610n Printer,16,460.789999999999,324.5
TEC-MA-10001972,Okidata C331dn Printer,16,258.26,279.2
TEC-MA-10002073,"3D Systems Cube Printer, 2nd Generation, White",16,935.9928,1039.992
TEC-MA-10002109,"HP Officejet Pro 8600 e-All-In-One Printer, Copier, Scanner, Fax",16,100.493299999999,104.993
TEC-MA-10002178,Cisco CP-7937G Unified IP Conference Station Phone,16,361.764,347.85
TEC-MA-10002210,Epson TM-T88V Direct Thermal Printer - Monochrome - Desktop,16,226.9935,93.285
TEC-MA-10002412,Cisco TelePresence System EX90 Videoconferencing Unit,16,4074.9264,3773.08
TEC-MA-10002428,Fellowes Powershred HS-440 4-Sheet High Security Shredder,16,85.2445,154.99
TEC-MA-10002694,Hewlett-Packard Deskjet F4180 All-in-One Color Ink-jet - Printer / copier / scanner,16,86.6948999999999,50.997
TEC-MA-10002790,NeatDesk Desktop Scanner & Digital Filing System,16,211.9947,239.994
TEC-MA-10002859,Ativa MDM8000 8-Sheet Micro-Cut Shredder,16,47.6947,71.992
TEC-MA-10002927,Canon imageCLASS MF7460 Monochrome Digital Laser Multifunction Copier,16,997.995,1995.99
TEC-MA-10002930,Ricoh - Ink Collector Unit for GX3000 Series Printers,16,30.6235,41.95
TEC-MA-10002937,"Canon Color ImageCLASS MF8580Cdw Wireless Laser All-In-One Printer, Copier, Scanner",16,321.5933,335.993
TEC-MA-10002981,I.R.I.S IRISCard Anywhere 5 Card Scanner,16,66.2949,116.991
TEC-MA-10003066,Wasp CCD Handheld Bar Code Reader,16,97.214,112.17
TEC-MA-10003173,Hewlett-Packard 300S Scientific Calculator,16,7.0794,13.11
TEC-MA-10003176,Okidata B400 Printer,16,304.59,343.2
TEC-MA-10003183,DYMO CardScan Personal V9 Business Card Scanner,16,79.995,47.997
TEC-MA-10003230,Okidata C610n Printer,16,460.79,454.3
TEC-MA-10003246,Hewlett-Packard Deskjet D4360 Printer,16,76.9945,111.992
TEC-MA-10003329,"Vtech AT&T CL2940 Corded Speakerphone, Black",16,15.8947,23.992
TEC-MA-10003337,Okidata B401 Printer,16,143.9928,59.997
TEC-MA-10003353,Xerox WorkCentre 6505DN Laser Multifunction Printer,16,395.9934,359.994
TEC-MA-10003356,Panasonic KX MC6040 Color Laser Multifunction Printer,16,328.4635,449.95
TEC-MA-10003493,Penpower WorldCard Pro Card Scanner,16,93.3044999999999,91.475
TEC-MA-10003589,Cisco 8961 IP Phone Charcoal,16,129.9636,74.979
TEC-MA-10003626,Hewlett-Packard Deskjet 6540 Color Inkjet Printer,16,209.4315,205.325
TEC-MA-10003673,Hewlett-Packard Desktjet 6988DT Refurbished Printer,16,347.259,680.9
TEC-MA-10003674,Hewlett-Packard Deskjet 5550 Printer,16,182.457,199.043999999999
TEC-MA-10003979,Ativa V4110MDD Micro-Cut Shredder,16,356.9949,699.99
TEC-MA-10004002,Zebra GX420t Direct Thermal/Thermal Transfer Printer,16,376.9745,265.475
TEC-MA-10004086,Plantronics Single Ear Headset,16,10.374,5.985
TEC-MA-10004125,Cubify CubeX 3D Printer Triple Head Print,16,2959.9926,1999.995
TEC-MA-10004212,Cisco SPA525G2 5-Line IP Phone,16,91.4197,172.49
TEC-MA-10004241,Star Micronics TSP800 TSP847IIU Receipt Printer,16,231.633,343.16
TEC-MA-10004255,Konica Minolta magicolor 1690MF Multifunction Printer,16,25.1937,39.99
TEC-MA-10004458,Lexmark X 9575 Professional All-in-One Color Printer,16,51.48,99.0
TEC-MA-10004521,Epson Perfection V600 Photo Scanner,16,126.4945,68.997
TEC-MA-10004552,Star Micronics TSP100 TSP143LAN Receipt Printer,16,191.623,258.95
TEC-MA-10004626,Lexmark 20R1285 X6650 Wireless All-in-One Printer,16,63.6,120.0
TEC-MA-10004679,StarTech.com 10/100 VDSL2 Ethernet Extender Kit,16,239.724,99.885
TEC-PH-10000004,Belkin iPhone and iPad Lightning Cable,8,11.0926,11.992
TEC-PH-10000011,PureGear Roll-On Screen Protector,8,10.3948,15.992
TEC-PH-10000038,Jawbone MINI JAMBOX Wireless Bluetooth Speaker,8,131.5008,109.584
TEC-PH-10000127,iOttie XL Car Mount,8,19.5902,15.9919999999999
TEC-PH-10000141,Clearsounds A400,8,48.8326,52.792
TEC-PH-10000148,Cyber Acoustics AC-202b Speech Recognition Stereo Headset,8,12.7302,7.794
TEC-PH-10000149,Cisco SPA525G2 IP Phone - Wireless,8,14.763,15.96
TEC-PH-10000169,ARKON Windshield Dashboard Air Vent Car Mount Holder,8,16.611,13.56
TEC-PH-10000193,Jensen SMPS-640 - speaker phone,8,34.0252,36.784
TEC-PH-10000213,Seidio BD2-HK3IPH5-BK DILEX Case and Holster Combo for Apple iPhone 5/5s - Black,8,22.3272,24.808
TEC-PH-10000215,Plantronics Cordless Phone Headset with In-line Volume - M214C,8,25.5135,34.9499999999999
TEC-PH-10000307,Shocksock Galaxy S4 Armband,8,10.5119999999999,10.95
TEC-PH-10000347,Cush Cases Heavy Duty Rugged Cover Case for Samsung Galaxy S5 - Purple,8,3.61349999999999,4.95
TEC-PH-10000369,HTC One Mini,8,90.7128,100.792
TEC-PH-10000376,Square Credit Card Reader,8,7.3926,7.992
TEC-PH-10000439,GE DSL Phone Line Filter,8,28.3929,31.992
TEC-PH-10000441,VTech DS6151,8,90.7128,100.792
TEC-PH-10000455,GE 30522EE2,8,82.3529,115.99
TEC-PH-10000486,Plantronics HL10 Handset Lifter,8,82.3529,92.792
TEC-PH-10000526,Vtech CS6719,8,69.1128,95.99
TEC-PH-10000560,Samsung Galaxy S III - 16GB - pebble blue (T-Mobile),8,251.9928,279.992
TEC-PH-10000562,Samsung Convoy 3,8,79.9127999999999,66.594
TEC-PH-10000576,AT&T 1080 Corded phone,8,100.0027,109.592
TEC-PH-10000586,AT&T SB67148 SynJ,8,48.1727,52.792
TEC-PH-10000673,Plantronics Voyager Pro HD - Bluetooth Headset,8,33.7947999999999,64.99
TEC-PH-10000675,Panasonic KX TS3282B Corded phone,8,60.6726,65.592
TEC-PH-10000702,"Square Credit Card Reader, 4 1/2"" x 4 1/2"" x 1"", White",8,5.2947,5.994
TEC-PH-10000730,Samsung Galaxy S4 Active,8,369.9926,499.99
TEC-PH-10000895,Polycom VVX 310 VoIP phone,8,133.1926,179.99
TEC-PH-10000912,Anker 24W Portable Micro USB Car Charger,8,5.9346,8.792
TEC-PH-10000923,"Belkin SportFit Armband For iPhone 5s/5c, Fuchsia",8,7.6449,8.994
TEC-PH-10000984,Panasonic KX-TG9471B,8,141.1128,195.99
TEC-PH-10001051,HTC One,8,70.9929,79.992
TEC-PH-10001061,Apple iPhone 5C,8,73.9926,99.99
TEC-PH-10001079,Polycom SoundPoint Pro SE-225 Corded phone,8,85.6727999999999,118.99
TEC-PH-10001128,Motorola Droid Maxx,8,107.9928,89.994
TEC-PH-10001198,Avaya 4621SW VoIP phone,8,52.5045,59.16
TEC-PH-10001254,Jabra BIZ 2300 Duo QD Duo Corded Headset,8,93.9726,101.592
TEC-PH-10001299,Polycom CX300 Desktop Phone USB VoIP phone,8,107.9928,119.992
TEC-PH-10001300,"iKross Bluetooth Portable Keyboard + Cell Phone Stand Holder + Brush for Apple iPhone 5S 5C 5, 4S 4",8,15.084,16.76
TEC-PH-10001305,Panasonic KX TS208W Corded phone,8,35.2728,48.99
TEC-PH-10001336,Digium D40 VoIP phone,8,91.5829,77.394
TEC-PH-10001363,Apple iPhone 5S,8,398.993,455.992
TEC-PH-10001425,Mophie Juice Pack Helium for iPhone,8,57.5928,47.994
TEC-PH-10001433,Cisco Small Business SPA 502G VoIP phone,8,74.8761,82.056
TEC-PH-10001448,Anker Astro 15000mAh USB Portable Charger,8,47.9904,49.99
TEC-PH-10001459,Samsung Galaxy Mega 6.3,8,310.7926,335.992
TEC-PH-10001468,Panasonic Business Telephones KX-T7736,8,127.413999999999,182.019999999999
TEC-PH-10001494,Polycom CX600 IP Phone VoIP phone,8,218.963499999999,299.95
TEC-PH-10001527,Plantronics MX500i Earset,8,41.6615,42.95
TEC-PH-10001530,Cisco Unified IP Phone 7945G VoIP phone,8,255.7425,272.792
TEC-PH-10001536,Spigen Samsung Galaxy S5 Case Wallet,8,12.5726,16.99
TEC-PH-10001552,I Need's 3d Hello Kitty Hybrid Silicone Case Cover for HTC One X 4g with 3d Hello Kitty Stylus Pen Green/pink,8,8.6112,11.96
TEC-PH-10001557,Pyle PMP37LED,8,70.0727,95.99
TEC-PH-10001578,Polycom SoundStation2 EX Conference phone,8,287.5145,323.96
TEC-PH-10001580,Logitech Mobile Speakerphone P710e - speaker phone,8,98.5354,107.984
TEC-PH-10001615,AT&T CL82213,8,20.5829,28.99
TEC-PH-10001619,LG G3,8,139.1529,156.792
TEC-PH-10001644,"BlueLounge Milo Smartphone Stand, White/Metallic",8,21.5928,23.992
TEC-PH-10001700,Panasonic KX-TG6844B Expandable Digital Cordless Telephone,8,48.1726999999999,65.99
TEC-PH-10001750,Samsung Rugby III,8,48.1727,52.7919999999999
TEC-PH-10001760,Bose SoundLink Bluetooth Speaker,8,105.47,159.2
TEC-PH-10001795,ClearOne CHATAttach 160 - speaker phone,8,433.993,495.992
TEC-PH-10001809,Panasonic KX T7736-B Digital phone,8,112.462499999999,149.95
TEC-PH-10001817,Wilson Electronics DB Pro Signal Booster,8,261.34,286.4
TEC-PH-10001819,Innergie mMini Combo Duo USB Travel Charging Kit,8,23.3947999999999,35.992
TEC-PH-10001835,Jawbone JAMBOX Wireless Bluetooth Speaker,8,82.1548,157.99
TEC-PH-10001870,Lunatik TT5L-002 Taktik Strike Impact Protection System for iPhone 5,8,45.9225,36.738
TEC-PH-10001918,Nortel Business Series Terminal T7208 Digital phone,8,100.0728,111.192
TEC-PH-10001924,iHome FM Clock Radio with Lightning Dock,8,52.4924999999999,55.992
TEC-PH-10001944,Wi-Ex zBoost YX540 Cellular Phone Signal Booster,8,102.165,145.95
TEC-PH-10001949,Cisco SPA 501G IP Phone,8,65.823,71.16
TEC-PH-10002033,Konftel 250 Conference phone - Charcoal black,8,210.7668,227.856
TEC-PH-10002070,Griffin GC36547 PowerJolt SE Lightning Charger,8,15.743,13.494
TEC-PH-10002075,AT&T EL51110 DECT,8,89.4529,125.99
TEC-PH-10002085,Clarity 53712,8,48.8326,65.99
TEC-PH-10002103,Jabra SPEAK 410,8,67.6728,75.192
TEC-PH-10002114,Xiaomi Mi3,8,421.7926,569.99
TEC-PH-10002115,Plantronics 81402,8,48.8325999999999,39.594
TEC-PH-10002170,ClearSounds CSC500 Amplified Spirit Phone Corded phone,8,50.3927999999999,55.992
TEC-PH-10002185,QVS USB Car Charger 2-Port 2.1Amp for iPod/iPhone/iPad/iPad 2/iPad 3,8,3.8225,5.56
TEC-PH-10002200,Samsung Galaxy Note 2,8,331.1928,275.994
TEC-PH-10002262,LG Electronics Tone+ HBS-730 Bluetooth Headset,8,42.8472,47.608
TEC-PH-10002275,Mitel 5320 IP Phone VoIP phone,8,136.0728,151.192
TEC-PH-10002293,Anker 36W 4-Port USB Wall Charger Travel Power Adapter for iPhone 5s 5c 5,8,14.3928,11.994
TEC-PH-10002310,Panasonic KX T7731-B Digital phone,8,72.9926999999999,79.9919999999999
TEC-PH-10002350,Apple EarPods with Remote and Mic,8,20.1528,27.99
TEC-PH-10002352,Avaya IP Phone 1140E VoIP phone,8,206.4526,278.99
TEC-PH-10002365,Belkin Grip Candy Sheer Case / Cover for iPhone 5 and 5S,8,6.49719999999999,8.78
TEC-PH-10002398,AT&T 1070 Corded Phone,8,78.0429999999999,89.192
TEC-PH-10002415,Polycom VoiceStation 500 Conference phone,8,221.2125,235.96
TEC-PH-10002447,AT&T CL83451 4-Handset Telephone,8,146.2529,205.99
TEC-PH-10002468,"Plantronics CS 50-USB - headset - Convertible, Monaural",8,99.2727,108.792
TEC-PH-10002483,Motorola Moto X,8,248.1927,271.992
TEC-PH-10002496,Cisco SPA301,8,109.192999999999,124.791999999999
TEC-PH-10002538,Grandstream GXP1160 VoIP phone,8,26.9160999999999,37.91
TEC-PH-10002549,Polycom SoundPoint IP 450 VoIP phone,8,167.1364,225.86
TEC-PH-10002555,Nortel Meridian M5316 Digital phone,8,191.623,155.37
TEC-PH-10002563,Adtran 1202752G1,8,93.2325999999999,100.791999999999
TEC-PH-10002564,OtterBox Defender Series Case - Samsung Galaxy S4,8,20.993,23.992
TEC-PH-10002583,iOttie HLCRIO102 Car Mount,8,18.9904999999999,19.99
TEC-PH-10002584,Samsung Galaxy S4,8,438.193,375.594
TEC-PH-10002597,Xblue XB-1670-86 X16 Small Office Telephone - Titanium,8,94.4925,100.792
TEC-PH-10002624,Samsung Galaxy S4 Mini,8,333.6929,375.992
TEC-PH-10002645,LG G2,8,374.9925,299.994
TEC-PH-10002660,Nortel Networks T7316 E Nt8 B27,8,50.9924999999999,67.99
TEC-PH-10002680,Samsung Galaxy Note 3,8,153.993,175.992
TEC-PH-10002726,netTALK DUO VoIP Telephone Service,8,26.2449999999999,41.992
TEC-PH-10002789,LG Exalt,8,113.8727,124.792
TEC-PH-10002807,Motorla HX550 Universal Bluetooth Headset,8,19.775,23.73
TEC-PH-10002817,RCA ViSYS 25425RE1 Corded phone,8,95.8429,107.992
TEC-PH-10002824,Jabra SPEAK 410 Multidevice Speakerphone,8,154.492499999999,123.594
TEC-PH-10002834,Google Nexus 5,8,134.9925,179.99
TEC-PH-10002844,Speck Products Candyshell Flip Case,8,25.8926,27.992
TEC-PH-10002885,Apple iPhone 5,8,474.3759,389.898
TEC-PH-10002890,AT&T 17929 Lendline Telephone,8,33.4775999999999,36.192
TEC-PH-10002922,ShoreTel ShorePhone IP 230 VoIP phone,8,118.293,135.192
TEC-PH-10002923,"Logitech B530 USB Headset - headset - Full size, Binaural",8,27.0026999999999,29.592
TEC-PH-10003012,Nortel Meridian M3904 Professional Digital phone,8,109.3329,123.192
TEC-PH-10003072,Panasonic KX-TG9541B DECT 6.0 Digital 2-Line Expandable Cordless Phone With Digital Answering System,8,76.4949,119.992
TEC-PH-10003092,Motorola L804,8,32.6529,27.594
TEC-PH-10003095,Samsung HM1900 Bluetooth Headset,8,10.975,17.56
TEC-PH-10003171,Plantronics Encore H101 Dual Earpieces Headset,8,32.364,44.95
TEC-PH-10003174,RCA ViSYS 25825 Wireless digital phone,8,90.993,103.992
TEC-PH-10003187,Anker Astro Mini 3000mAh Ultra-Compact Portable Charger,8,19.99,11.994
TEC-PH-10003215,Jackery Bar Premium Fast-charging Portable Charger,8,15.2745,23.96
TEC-PH-10003273,AT&T TR1909W,8,93.2325999999999,125.99
TEC-PH-10003356,"SmartStand Mobile Device Holder, Assorted Colors",8,5.0328,5.592
TEC-PH-10003357,Grandstream GXP2100 Mainstream Business Phone,8,55.0728,45.894
TEC-PH-10003437,Blue Parrot B250XT Professional Grade Wireless Bluetooth Headset with,8,52.493,59.992
TEC-PH-10003442,Samsung Replacement EH64AVFWE Premium Headset,8,4.125,5.5
TEC-PH-10003484,Ooma Telo VoIP Home Phone System,8,94.4924999999999,100.791999999999
TEC-PH-10003505,Geemarc AmpliPOWER60,8,65.8879999999999,92.8
TEC-PH-10003535,RCA ViSYS 25423RE1 Corded phone,8,72.9927,79.992
TEC-PH-10003555,Motorola HK250 Universal Bluetooth Headset,8,22.5301999999999,18.392
TEC-PH-10003580,Cisco IP Phone 7961G-GE VoIP phone,8,158.1034,173.263999999999
TEC-PH-10003589,invisibleSHIELD by ZAGG Smudge-Free Screen Protector,8,9.3548,14.392
TEC-PH-10003601,"Ativa D5772 2-Line 5.8GHz Digital Expandable Corded/Cordless Phone System with Answering & Caller ID/Call Waiting, Black/Silver",8,115.493,164.99
TEC-PH-10003645,Aastra 57i VoIP phone,8,119.5914,96.966
TEC-PH-10003655,Sannysis Cute Owl Design Soft Skin Case Cover for Samsung Galaxy S4,8,1.4454,1.584
TEC-PH-10003691,BlackBerry Q10,8,94.4925,125.99
TEC-PH-10003800,i.Sound Portable Power - 8000 mAh,8,52.4601,42.392
TEC-PH-10003811,Jabra Supreme Plus Driver Edition Headset,8,86.3928,119.99
TEC-PH-10003875,KLD Oscar II Style Snap-on Ultra Thin Side Flip Synthetic Leather Cover Case for HTC One HTC M7,8,6.9012,9.72
TEC-PH-10003885,Cisco SPA508G,8,46.8529,65.99
TEC-PH-10003931,JBL Micro Wireless Portable Bluetooth Speaker,8,44.9925,47.992
TEC-PH-10003963,GE 2-Jack Phone Line Splitter,8,152.432599999999,123.594
TEC-PH-10003988,"LF Elite 3D Dazzle Designer Hard Case Cover, Lf Stylus Pen and Wiper For Apple Iphone 5c Mini Lite",8,7.848,10.9
TEC-PH-10004006,Panasonic KX - TS880B Telephone,8,30.0906,41.22
TEC-PH-10004042,ClearOne Communications CHAT 70 OC Speaker Phone,8,117.6526,127.192
TEC-PH-10004071,PayAnywhere Card Reader,8,7.2927,7.992
TEC-PH-10004080,Avaya 5410 Digital phone,8,48.9528,40.794
TEC-PH-10004093,Panasonic Kx-TS550,8,32.6529,36.792
TEC-PH-10004094,Motorola L703CM,8,116.9925,124.792
TEC-PH-10004100,Griffin GC17055 Auxiliary Audio Cable,8,12.9528,14.392
TEC-PH-10004120,AT&T 1080 Phone,8,101.372599999999,109.592
TEC-PH-10004165,Mitel MiVoice 5330e IP Phone,8,203.4926,274.99
TEC-PH-10004188,OtterBox Commuter Series Case - Samsung Galaxy S4,8,24.4902,24.99
TEC-PH-10004241,Nokia Lumia 1020,8,323.9928,359.992
TEC-PH-10004345,Cisco SPA 502G IP Phone,8,83.9649999999999,95.96
TEC-PH-10004348,OtterBox Defender Series Case - iPhone 5c,8,25.886,29.584
TEC-PH-10004389,Nokia Lumia 925,8,93.2326,125.99
TEC-PH-10004434,Cisco IP Phone 7961G VoIP phone - Dark gray,8,96.5245,108.76
TEC-PH-10004447,Toshiba IPT2010-SD IP Telephone,8,102.8526,111.192
TEC-PH-10004522,Dexim XPower Skin Super-Thin Power Case for iPhone 5 - Black,8,43.8675,35.094
TEC-PH-10004531,OtterBox Commuter Series Case - iPhone 5 & 5s,8,11.4348,21.99
TEC-PH-10004536,Avaya 5420 Digital phone,8,101.242499999999,134.989999999999
TEC-PH-10004539,Wireless Extenders zBoost YX545 SOHO Signal Booster,8,137.9627,188.99
TEC-PH-10004586,Wilson SignalBoost 841262 DB PRO Amplifier Kit,8,251.965,287.96
TEC-PH-10004614,AT&T 841000 Phone,8,51.75,41.4
TEC-PH-10004667,Cisco 8x8 Inc. 6753i IP Business Phone System,8,98.5427,80.994
TEC-PH-10004700,PowerGen Dual USB Car Charger,8,5.3946,9.99
TEC-PH-10004774,Gear Head AU3700S Headset,8,12.6003,12.99
TEC-PH-10004830,Pyle PRT45 Retro Home Telephone,8,44.7229,50.392
TEC-PH-10004833,Macally Suction Cup Mount,8,11.95,11.95
TEC-PH-10004875,PNY Rapid USB Car Charger - Black,8,5.83269999999999,4.794
TEC-PH-10004896,Nokia Lumia 521 (T-Mobile),8,21.5928,29.99
TEC-PH-10004897,Mediabridge Sport Armband iPhone 5s,8,9.8901,9.99
TEC-PH-10004908,Panasonic KX TS3282W Corded phone,8,59.493,67.992
TEC-PH-10004912,Cisco SPA112 2 Port Phone Adapter,8,39.0145,43.96
TEC-PH-10004922,RCA Visys Integrated PBX 8-Line Router,8,50.2425,53.592
TEC-PH-10004924,"SKILCRAFT Telephone Shoulder Rest, 2"" x 6.5"" x 2.5"", Black",8,5.39469999999999,7.39
TEC-PH-10004959,Classic Ivory Antique Telephone ZL1810,8,75.3674999999999,100.49
TEC-PH-10004977,GE 30524EE4,8,139.1529,156.792
